Protein Name,Replicate Name,Precursor Ion Name,Retention Time,Area,Background,Height,Mass Error PPM,Protein
molecules1,170213_Blk_MediaBlk_Pc55x,I126.904R4.8_HILICNeg,4.29,73698424,815696,7382553,1.4,molecules1
molecules1,161107_Blk_MediaBlk_DiatomZ,I126.904R4.8_HILICNeg,4.2,41581684,482916,3763919,-0.5,molecules1
molecules1,170410_Smp_KM1513-15m_A,I126.904R4.8_HILICNeg,4.03,259657104,1724413,25834260,-0.7,molecules1
molecules1,180702_Smp_S7E41D30_1,I126.904R4.8_HILICNeg,5.24,142199376,0,16244445,1.2,molecules1
molecules1,170213_Smp_Pc55x_A,I126.904R4.8_HILICNeg,4.28,41317600,526637,3843729,1.1,molecules1
molecules1,170213_Smp_Pc55x_B,I126.904R4.8_HILICNeg,4.28,45240840,478720,4243680,1.2,molecules1
molecules1,170213_Smp_Pc55x_C,I126.904R4.8_HILICNeg,4.26,45637464,795803,4330465,1.3,molecules1
molecules1,170213_Smp_Np_A_rerun,I126.904R4.8_HILICNeg,4.34,110713912,1600257,11154972,1.2,molecules1
molecules1,170213_Smp_Np_C_rerun,I126.904R4.8_HILICNeg,4.37,87223992,952216,8004416,1,molecules1
molecules1,170213_Smp_Np_F,I126.904R4.8_HILICNeg,4.23,112157776,827892,11024947,1.1,molecules1
molecules1,170213_Smp_Pt_C,I126.904R4.8_HILICNeg,4.29,101009768,719260,9595321,1.4,molecules1
molecules1,170213_Smp_Pt_F_rerun,I126.904R4.8_HILICNeg,4.39,97791344,682475,7902144,1.2,molecules1
molecules1,170213_Blk_MediaBlk_Pc55x,I146.045R12.11_HILICNeg,12.3,935723,9343643,99427,7.1,molecules1
molecules1,161107_Blk_MediaBlk_DiatomZ,I146.045R12.11_HILICNeg,12.55,5005600,29163908,312410,5.9,molecules1
molecules1,170410_Smp_KM1513-15m_A,I146.045R12.11_HILICNeg,12.23,464086496,6774343,56264092,-0.8,molecules1
molecules1,180702_Smp_S7E41D30_1,I146.045R12.11_HILICNeg,12.55,158998032,1689216,18839038,0.9,molecules1
molecules1,170213_Smp_Pc55x_A,I146.045R12.11_HILICNeg,12.03,148137408,5457258,10887833,0.9,molecules1
molecules1,170213_Smp_Pc55x_B,I146.045R12.11_HILICNeg,12.03,162785472,6384113,12159910,0.8,molecules1
molecules1,170213_Smp_Pc55x_C,I146.045R12.11_HILICNeg,12.01,118685480,2026000,8561619,1.2,molecules1
molecules1,170213_Smp_Np_A_rerun,I146.045R12.11_HILICNeg,12.06,1671595776,24698466,126543576,0.9,molecules1
molecules1,170213_Smp_Np_C_rerun,I146.045R12.11_HILICNeg,12.07,1589237248,19930552,125949272,0.8,molecules1
molecules1,170213_Smp_Np_F,I146.045R12.11_HILICNeg,12.01,1552614528,23493174,117760112,0.7,molecules1
molecules1,170213_Smp_Pt_C,I146.045R12.11_HILICNeg,12.04,4821001216,237767744,339885152,0.7,molecules1
molecules1,170213_Smp_Pt_F_rerun,I146.045R12.11_HILICNeg,12.12,5442463744,93060248,361371744,0.6,molecules1
molecules1,170213_Blk_MediaBlk_Pc55x,I317.0553R12.1_HILICNeg,11.44,0,0,0,#N/A,molecules1
molecules1,161107_Blk_MediaBlk_DiatomZ,I317.0553R12.1_HILICNeg,13.95,497117,0,99572,1.9,molecules1
molecules1,170410_Smp_KM1513-15m_A,I317.0553R12.1_HILICNeg,12.06,345384608,3471614,30656906,-0.7,molecules1
molecules1,180702_Smp_S7E41D30_1,I317.0553R12.1_HILICNeg,12.57,102218136,1416191,13702323,0.3,molecules1
molecules1,170213_Smp_Pc55x_A,I317.0553R12.1_HILICNeg,11.95,996740672,13979556,78860752,0.4,molecules1
molecules1,170213_Smp_Pc55x_B,I317.0553R12.1_HILICNeg,11.96,1043287104,12744630,82730688,0.4,molecules1
molecules1,170213_Smp_Pc55x_C,I317.0553R12.1_HILICNeg,11.98,782663296,10409434,62823068,0.8,molecules1
molecules1,170213_Smp_Np_A_rerun,I317.0553R12.1_HILICNeg,12,225723888,1317185,22499970,0.9,molecules1
molecules1,170213_Smp_Np_C_rerun,I317.0553R12.1_HILICNeg,12.02,132997032,1804599,13567030,0.9,molecules1
molecules1,170213_Smp_Np_F,I317.0553R12.1_HILICNeg,11.96,158873360,691328,15072622,0.9,molecules1
molecules1,170213_Smp_Pt_C,I317.0553R12.1_HILICNeg,11.98,470945440,5113299,42924104,0.9,molecules1
molecules1,170213_Smp_Pt_F_rerun,I317.0553R12.1_HILICNeg,12.06,1778853632,19534298,155643200,0.6,molecules1
molecules1,170213_Blk_MediaBlk_Pc55x,I267.0726R11.17_HILICNeg,24.87,777671,0,117537,6.7,molecules1
molecules1,161107_Blk_MediaBlk_DiatomZ,I267.0726R11.17_HILICNeg,21.29,1845118,216163,271742,5.3,molecules1
molecules1,170410_Smp_KM1513-15m_A,I267.0726R11.17_HILICNeg,11.3,517322656,3252136,58198672,-1,molecules1
molecules1,180702_Smp_S7E41D30_1,I267.0726R11.17_HILICNeg,#N/A,#N/A,#N/A,#N/A,#N/A,molecules1
molecules1,170213_Smp_Pc55x_A,I267.0726R11.17_HILICNeg,8.09,3394045,0,207764,5.9,molecules1
molecules1,170213_Smp_Pc55x_B,I267.0726R11.17_HILICNeg,8.03,3892229,0,237330,6,molecules1
molecules1,170213_Smp_Pc55x_C,I267.0726R11.17_HILICNeg,8.04,3455984,0,194761,6.3,molecules1
molecules1,170213_Smp_Np_A_rerun,I267.0726R11.17_HILICNeg,8.06,2514650,0,157441,5.8,molecules1
molecules1,170213_Smp_Np_C_rerun,I267.0726R11.17_HILICNeg,24.85,1625463,0,148164,6.4,molecules1
molecules1,170213_Smp_Np_F,I267.0726R11.17_HILICNeg,8.01,8074599,0,436734,5.8,molecules1
molecules1,170213_Smp_Pt_C,I267.0726R11.17_HILICNeg,8.06,6190423,0,351521,5.8,molecules1
molecules1,170213_Smp_Pt_F_rerun,I267.0726R11.17_HILICNeg,8.09,6544159,0,424871,5.8,molecules1
molecules1,170213_Blk_MediaBlk_Pc55x,I244.0828R9.94_HILICNeg,24.6,22536360,0,782381,6.9,molecules1
molecules1,161107_Blk_MediaBlk_DiatomZ,I244.0828R9.94_HILICNeg,24.8,35243340,0,1612537,4.8,molecules1
molecules1,170410_Smp_KM1513-15m_A,I244.0828R9.94_HILICNeg,10.69,175468464,5686526,15379566,-0.5,molecules1
molecules1,180702_Smp_S7E41D30_1,I244.0828R9.94_HILICNeg,10.32,103806456,1355562,10807818,0.8,molecules1
molecules1,170213_Smp_Pc55x_A,I244.0828R9.94_HILICNeg,24.74,13396527,0,809683,6.4,molecules1
molecules1,170213_Smp_Pc55x_B,I244.0828R9.94_HILICNeg,24.97,4307401,0,639027,5.6,molecules1
molecules1,170213_Smp_Pc55x_C,I244.0828R9.94_HILICNeg,24.72,12987565,0,616032,6.5,molecules1
molecules1,170213_Smp_Np_A_rerun,I244.0828R9.94_HILICNeg,24.53,42313156,0,931012,6.6,molecules1
molecules1,170213_Smp_Np_C_rerun,I244.0828R9.94_HILICNeg,24.2,40184012,0,901373,6.5,molecules1
molecules1,170213_Smp_Np_F,I244.0828R9.94_HILICNeg,13.62,34527412,0,483397,6.6,molecules1
molecules1,170213_Smp_Pt_C,I244.0828R9.94_HILICNeg,24.49,30691018,0,715788,6.9,molecules1
molecules1,170213_Smp_Pt_F_rerun,I244.0828R9.94_HILICNeg,24.34,48620024,0,1009687,6.6,molecules1
molecules1,170213_Blk_MediaBlk_Pc55x,I124.0064R10.88_HILICNeg,10.24,0,0,0,#N/A,molecules1
molecules1,161107_Blk_MediaBlk_DiatomZ,I124.0064R10.88_HILICNeg,10.32,0,0,0,#N/A,molecules1
molecules1,170410_Smp_KM1513-15m_A,I124.0064R10.88_HILICNeg,11.1,79724208,0,11848153,-1,molecules1
molecules1,180702_Smp_S7E41D30_1,I124.0064R10.88_HILICNeg,11.47,397584832,0,19832832,0.5,molecules1
molecules1,170213_Smp_Pc55x_A,I124.0064R10.88_HILICNeg,10.58,182073648,1456729,15646439,0.5,molecules1
molecules1,170213_Smp_Pc55x_B,I124.0064R10.88_HILICNeg,10.62,205213024,2861575,17766950,0.5,molecules1
molecules1,170213_Smp_Pc55x_C,I124.0064R10.88_HILICNeg,10.6,132996672,1268567,11393179,0.7,molecules1
molecules1,170213_Smp_Np_A_rerun,I124.0064R10.88_HILICNeg,4.18,197909,0,19765,0.3,molecules1
molecules1,170213_Smp_Np_C_rerun,I124.0064R10.88_HILICNeg,4.27,27119,0,10044,0.2,molecules1
molecules1,170213_Smp_Np_F,I124.0064R10.88_HILICNeg,0.12,57861,0,39428,0.5,molecules1
molecules1,170213_Smp_Pt_C,I124.0064R10.88_HILICNeg,0.12,99984,0,28876,1.6,molecules1
molecules1,170213_Smp_Pt_F_rerun,I124.0064R10.88_HILICNeg,4.04,41762,0,16008,0.5,molecules1
molecules1,170213_Blk_MediaBlk_Pc55x,I150.0413R8.14_HILICNeg,8.75,549202,0,47460,1.2,molecules1
molecules1,161107_Blk_MediaBlk_DiatomZ,I150.0413R8.14_HILICNeg,8.69,768723,328110,82209,0.2,molecules1
molecules1,170410_Smp_KM1513-15m_A,I150.0413R8.14_HILICNeg,8.71,159402128,741477,12886241,-0.9,molecules1
molecules1,180702_Smp_S7E41D30_1,I150.0413R8.14_HILICNeg,8.4,51161120,0,4551224,0.8,molecules1
molecules1,170213_Smp_Pc55x_A,I150.0413R8.14_HILICNeg,8.79,567977,0,67556,1.5,molecules1
molecules1,170213_Smp_Pc55x_B,I150.0413R8.14_HILICNeg,8.8,524620,0,48264,0.6,molecules1
molecules1,170213_Smp_Pc55x_C,I150.0413R8.14_HILICNeg,8.74,552480,140195,68687,1,molecules1
molecules1,170213_Smp_Np_A_rerun,I150.0413R8.14_HILICNeg,8.71,1139451,0,101268,0.7,molecules1
molecules1,170213_Smp_Np_C_rerun,I150.0413R8.14_HILICNeg,8.72,1181548,0,92315,1.3,molecules1
molecules1,170213_Smp_Np_F,I150.0413R8.14_HILICNeg,9.55,1278831,0,115955,-0.2,molecules1
molecules1,170213_Smp_Pt_C,I150.0413R8.14_HILICNeg,23.08,1043281,0,119439,1.2,molecules1
molecules1,170213_Smp_Pt_F_rerun,I150.0413R8.14_HILICNeg,22.66,1121327,0,150137,0.6,molecules1
molecules1,170213_Blk_MediaBlk_Pc55x,I167.0204R10.56_HILICNeg,9.99,133101,0,17314,3.5,molecules1
molecules1,161107_Blk_MediaBlk_DiatomZ,I167.0204R10.56_HILICNeg,9.75,251051,0,37271,1.1,molecules1
molecules1,170410_Smp_KM1513-15m_A,I167.0204R10.56_HILICNeg,10.89,30031414,383835,4573721,-0.9,molecules1
molecules1,180702_Smp_S7E41D30_1,I167.0204R10.56_HILICNeg,10.85,519412,0,87793,0.4,molecules1
molecules1,170213_Smp_Pc55x_A,I167.0204R10.56_HILICNeg,20.54,910979,0,83042,0.6,molecules1
molecules1,170213_Smp_Pc55x_B,I167.0204R10.56_HILICNeg,2.52,970450,0,187582,-4.7,molecules1
molecules1,170213_Smp_Pc55x_C,I167.0204R10.56_HILICNeg,21.47,870104,192253,92822,0.9,molecules1
molecules1,170213_Smp_Np_A_rerun,I167.0204R10.56_HILICNeg,10.04,4478452,0,850153,0.9,molecules1
molecules1,170213_Smp_Np_C_rerun,I167.0204R10.56_HILICNeg,10.08,1481979,0,266233,0.8,molecules1
molecules1,170213_Smp_Np_F,I167.0204R10.56_HILICNeg,9.96,8774765,0,1502913,0.7,molecules1
molecules1,170213_Smp_Pt_C,I167.0204R10.56_HILICNeg,10.03,461743,0,169844,1,molecules1
molecules1,170213_Smp_Pt_F_rerun,I167.0204R10.56_HILICNeg,4.11,1589599,0,82050,-3.9,molecules1
molecules1,170213_Blk_MediaBlk_Pc55x,I130.0864R6.66_HILICNeg,8.2,50099,0,8276,0.5,molecules1
molecules1,161107_Blk_MediaBlk_DiatomZ,I130.0864R6.66_HILICNeg,6.94,0,0,0,#N/A,molecules1
molecules1,170410_Smp_KM1513-15m_A,I130.0864R6.66_HILICNeg,7.57,56448464,0,2120839,-1,molecules1
molecules1,180702_Smp_S7E41D30_1,I130.0864R6.66_HILICNeg,7.01,180284896,0,6829585,0.7,molecules1
molecules1,170213_Smp_Pc55x_A,I130.0864R6.66_HILICNeg,7.56,36902384,0,942132,0.9,molecules1
molecules1,170213_Smp_Pc55x_B,I130.0864R6.66_HILICNeg,7.58,43291724,0,1147934,0.8,molecules1
molecules1,170213_Smp_Pc55x_C,I130.0864R6.66_HILICNeg,7.56,23965752,0,677912,1.1,molecules1
molecules1,170213_Smp_Np_A_rerun,I130.0864R6.66_HILICNeg,7.59,118106584,0,3842201,0.5,molecules1
molecules1,170213_Smp_Np_C_rerun,I130.0864R6.66_HILICNeg,7.65,106778856,0,3673047,0.3,molecules1
molecules1,170213_Smp_Np_F,I130.0864R6.66_HILICNeg,7.58,151407440,0,4632797,0.4,molecules1
molecules1,170213_Smp_Pt_C,I130.0864R6.66_HILICNeg,7.59,333328512,0,7450989,0.9,molecules1
molecules1,170213_Smp_Pt_F_rerun,I130.0864R6.66_HILICNeg,7.63,306783488,0,6618718,0.9,molecules1
molecules1,170213_Blk_MediaBlk_Pc55x,I298.957R7.41_HILICNeg,11.51,0,0,0,#N/A,molecules1
molecules1,161107_Blk_MediaBlk_DiatomZ,I298.957R7.41_HILICNeg,10.71,0,0,0,#N/A,molecules1
molecules1,170410_Smp_KM1513-15m_A,I298.957R7.41_HILICNeg,#N/A,#N/A,#N/A,#N/A,#N/A,molecules1
molecules1,180702_Smp_S7E41D30_1,I298.957R7.41_HILICNeg,#N/A,#N/A,#N/A,#N/A,#N/A,molecules1
molecules1,170213_Smp_Pc55x_A,I298.957R7.41_HILICNeg,7.48,1095340,0,97093,1.1,molecules1
molecules1,170213_Smp_Pc55x_B,I298.957R7.41_HILICNeg,7.45,1083682,0,114909,1.3,molecules1
molecules1,170213_Smp_Pc55x_C,I298.957R7.41_HILICNeg,7.36,1433450,0,120062,1.3,molecules1
molecules1,170213_Smp_Np_A_rerun,I298.957R7.41_HILICNeg,#N/A,#N/A,#N/A,#N/A,#N/A,molecules1
molecules1,170213_Smp_Np_C_rerun,I298.957R7.41_HILICNeg,#N/A,#N/A,#N/A,#N/A,#N/A,molecules1
molecules1,170213_Smp_Np_F,I298.957R7.41_HILICNeg,12.55,22182,0,12669,-4.1,molecules1
molecules1,170213_Smp_Pt_C,I298.957R7.41_HILICNeg,#N/A,#N/A,#N/A,#N/A,#N/A,molecules1
molecules1,170213_Smp_Pt_F_rerun,I298.957R7.41_HILICNeg,#N/A,#N/A,#N/A,#N/A,#N/A,molecules1
molecules1,170213_Blk_MediaBlk_Pc55x,I172.0067R5.44_HILICNeg,6.6,66735,511330,14585,1.3,molecules1
molecules1,161107_Blk_MediaBlk_DiatomZ,I172.0067R5.44_HILICNeg,7.03,36975,0,16982,0,molecules1
molecules1,170410_Smp_KM1513-15m_A,I172.0067R5.44_HILICNeg,5.87,31259302,823441,1907056,-0.6,molecules1
molecules1,180702_Smp_S7E41D30_1,I172.0067R5.44_HILICNeg,5.67,40549252,0,2733981,1,molecules1
molecules1,170213_Smp_Pc55x_A,I172.0067R5.44_HILICNeg,0.52,578206,289921,47729,0.9,molecules1
molecules1,170213_Smp_Pc55x_B,I172.0067R5.44_HILICNeg,9.82,651942,0,53008,-0.5,molecules1
molecules1,170213_Smp_Pc55x_C,I172.0067R5.44_HILICNeg,0.71,743507,410586,48394,1.1,molecules1
molecules1,170213_Smp_Np_A_rerun,I172.0067R5.44_HILICNeg,0.14,1164032,853733,92186,1,molecules1
molecules1,170213_Smp_Np_C_rerun,I172.0067R5.44_HILICNeg,0.32,375495,85936,61043,1,molecules1
molecules1,170213_Smp_Np_F,I172.0067R5.44_HILICNeg,1.13,584465,391276,49401,1.2,molecules1
molecules1,170213_Smp_Pt_C,I172.0067R5.44_HILICNeg,1.13,1076286,72171,64853,1.3,molecules1
molecules1,170213_Smp_Pt_F_rerun,I172.0067R5.44_HILICNeg,0.14,441956,544502,37893,1.3,molecules1
molecules1,170213_Blk_MediaBlk_Pc55x,I116.0706R7.18_HILICNeg,7.92,391735,0,25280,1.3,molecules1
molecules1,161107_Blk_MediaBlk_DiatomZ,I116.0706R7.18_HILICNeg,8.41,0,0,0,#N/A,molecules1
molecules1,170410_Smp_KM1513-15m_A,I116.0706R7.18_HILICNeg,7.96,20358052,0,1291177,-0.4,molecules1
molecules1,180702_Smp_S7E41D30_1,I116.0706R7.18_HILICNeg,7.49,37096880,0,2261004,1.4,molecules1
molecules1,170213_Smp_Pc55x_A,I116.0706R7.18_HILICNeg,7.98,15165684,0,992463,1.5,molecules1
molecules1,170213_Smp_Pc55x_B,I116.0706R7.18_HILICNeg,8,17100262,0,1102085,1.3,molecules1
molecules1,170213_Smp_Pc55x_C,I116.0706R7.18_HILICNeg,7.98,11525123,0,747296,1.7,molecules1
molecules1,170213_Smp_Np_A_rerun,I116.0706R7.18_HILICNeg,9.25,11722131,0,487052,1.6,molecules1
molecules1,170213_Smp_Np_C_rerun,I116.0706R7.18_HILICNeg,9.25,18682526,0,732427,1.4,molecules1
molecules1,170213_Smp_Np_F,I116.0706R7.18_HILICNeg,9.19,16602620,0,661777,1.4,molecules1
molecules1,170213_Smp_Pt_C,I116.0706R7.18_HILICNeg,7.97,499398400,5382315,28002506,1.3,molecules1
molecules1,170213_Smp_Pt_F_rerun,I116.0706R7.18_HILICNeg,8,538544000,6632969,28949470,1.3,molecules1
molecules1,170213_Blk_MediaBlk_Pc55x,I186.0253R12.12_HILICNeg,11.64,70216,0,28331,-1,molecules1
molecules1,161107_Blk_MediaBlk_DiatomZ,I186.0253R12.12_HILICNeg,11.84,33862,0,33531,-0.1,molecules1
molecules1,170410_Smp_KM1513-15m_A,I186.0253R12.12_HILICNeg,12.23,15977501,144715,1585036,-0.5,molecules1
molecules1,180702_Smp_S7E41D30_1,I186.0253R12.12_HILICNeg,#N/A,#N/A,#N/A,#N/A,#N/A,molecules1
molecules1,170213_Smp_Pc55x_A,I186.0253R12.12_HILICNeg,12.04,738540,0,90151,0.3,molecules1
molecules1,170213_Smp_Pc55x_B,I186.0253R12.12_HILICNeg,12.03,786255,0,96924,0.4,molecules1
molecules1,170213_Smp_Pc55x_C,I186.0253R12.12_HILICNeg,12.07,873213,0,75376,0.8,molecules1
molecules1,170213_Smp_Np_A_rerun,I186.0253R12.12_HILICNeg,12.06,2545451,0,190510,0.8,molecules1
molecules1,170213_Smp_Np_C_rerun,I186.0253R12.12_HILICNeg,12.07,2352254,0,172232,0.8,molecules1
molecules1,170213_Smp_Np_F,I186.0253R12.12_HILICNeg,12.04,3026769,0,214064,1.3,molecules1
molecules1,170213_Smp_Pt_C,I186.0253R12.12_HILICNeg,12.07,4230113,0,242059,1.3,molecules1
molecules1,170213_Smp_Pt_F_rerun,I186.0253R12.12_HILICNeg,12.02,3775640,0,206449,1.1,molecules1
molecules1,170213_Blk_MediaBlk_Pc55x,I102.0549R12.14_HILICNeg,11.95,652652,5788433,61713,1.8,molecules1
molecules1,161107_Blk_MediaBlk_DiatomZ,I102.0549R12.14_HILICNeg,11.25,1423023,8481986,104543,-0.4,molecules1
molecules1,170410_Smp_KM1513-15m_A,I102.0549R12.14_HILICNeg,12.23,53666580,2616151,6562219,-0.2,molecules1
molecules1,180702_Smp_S7E41D30_1,I102.0549R12.14_HILICNeg,12.55,16980756,0,2002451,1.3,molecules1
molecules1,170213_Smp_Pc55x_A,I102.0549R12.14_HILICNeg,12.03,14179405,10664258,1037521,1.3,molecules1
molecules1,170213_Smp_Pc55x_B,I102.0549R12.14_HILICNeg,12.03,19926384,16766479,1125358,1.3,molecules1
molecules1,170213_Smp_Pc55x_C,I102.0549R12.14_HILICNeg,12.01,12038236,10403221,905932,1.6,molecules1
molecules1,170213_Smp_Np_A_rerun,I102.0549R12.14_HILICNeg,12.06,144855840,13320188,11144243,1.6,molecules1
molecules1,170213_Smp_Np_C_rerun,I102.0549R12.14_HILICNeg,12.07,138479952,13941677,11268113,1.6,molecules1
molecules1,170213_Smp_Np_F,I102.0549R12.14_HILICNeg,12,133090016,16141343,10156739,1.4,molecules1
molecules1,170213_Smp_Pt_C,I102.0549R12.14_HILICNeg,12.04,427958656,42948248,30650308,1.7,molecules1
molecules1,170213_Smp_Pt_F_rerun,I102.0549R12.14_HILICNeg,12.12,468080128,33688656,31983798,1.5,molecules1
molecules1,170213_Blk_MediaBlk_Pc55x,I128.0343R12.12_HILICNeg,12.03,1071923,21849198,114506,1.5,molecules1
molecules1,161107_Blk_MediaBlk_DiatomZ,I128.0343R12.12_HILICNeg,12.15,1569104,13417969,206196,-0.6,molecules1
molecules1,170410_Smp_KM1513-15m_A,I128.0343R12.12_HILICNeg,12.23,49051668,8146684,6133485,-0.5,molecules1
molecules1,180702_Smp_S7E41D30_1,I128.0343R12.12_HILICNeg,12.55,16496203,376846,1725674,1.2,molecules1
molecules1,170213_Smp_Pc55x_A,I128.0343R12.12_HILICNeg,12.03,12661391,13611257,1061766,0.9,molecules1
molecules1,170213_Smp_Pc55x_B,I128.0343R12.12_HILICNeg,12.03,19580508,18173866,1241588,0.9,molecules1
molecules1,170213_Smp_Pc55x_C,I128.0343R12.12_HILICNeg,12.03,12875981,23962318,836330,1.2,molecules1
molecules1,170213_Smp_Np_A_rerun,I128.0343R12.12_HILICNeg,12.06,141232240,121109680,12144567,1.3,molecules1
molecules1,170213_Smp_Np_C_rerun,I128.0343R12.12_HILICNeg,12.07,128519352,94022992,9837443,1.3,molecules1
molecules1,170213_Smp_Np_F,I128.0343R12.12_HILICNeg,12.01,149498096,80128432,11445923,1.1,molecules1
molecules1,170213_Smp_Pt_C,I128.0343R12.12_HILICNeg,12.04,575086208,94179416,37196484,1.4,molecules1
molecules1,170213_Smp_Pt_F_rerun,I128.0343R12.12_HILICNeg,12.12,541634688,130367856,36274488,1.2,molecules1
molecules1,170213_Blk_MediaBlk_Pc55x,I302.0009R7.07_HILICNeg,10.66,556870,0,100616,-6.5,molecules1
molecules1,161107_Blk_MediaBlk_DiatomZ,I302.0009R7.07_HILICNeg,#N/A,#N/A,#N/A,#N/A,#N/A,molecules1
molecules1,170410_Smp_KM1513-15m_A,I302.0009R7.07_HILICNeg,#N/A,#N/A,#N/A,#N/A,#N/A,molecules1
molecules1,180702_Smp_S7E41D30_1,I302.0009R7.07_HILICNeg,#N/A,#N/A,#N/A,#N/A,#N/A,molecules1
molecules1,170213_Smp_Pc55x_A,I302.0009R7.07_HILICNeg,#N/A,#N/A,#N/A,#N/A,#N/A,molecules1
molecules1,170213_Smp_Pc55x_B,I302.0009R7.07_HILICNeg,10.74,79734,0,32179,-6.4,molecules1
molecules1,170213_Smp_Pc55x_C,I302.0009R7.07_HILICNeg,10.69,38050,0,20468,-3.6,molecules1
molecules1,170213_Smp_Np_A_rerun,I302.0009R7.07_HILICNeg,7.17,6148167,0,398289,1,molecules1
molecules1,170213_Smp_Np_C_rerun,I302.0009R7.07_HILICNeg,7.3,4564104,0,366502,1.1,molecules1
molecules1,170213_Smp_Np_F,I302.0009R7.07_HILICNeg,7.07,15872836,0,864430,1,molecules1
molecules1,170213_Smp_Pt_C,I302.0009R7.07_HILICNeg,7.11,355947,0,59767,1.6,molecules1
molecules1,170213_Smp_Pt_F_rerun,I302.0009R7.07_HILICNeg,7.24,270266,0,55005,0.9,molecules1
molecules1,170213_Blk_MediaBlk_Pc55x,I139.0157R7.24_HILICNeg,1.84,496638,0,117300,8.6,molecules1
molecules1,161107_Blk_MediaBlk_DiatomZ,I139.0157R7.24_HILICNeg,1.83,633246,0,153515,6.6,molecules1
molecules1,170410_Smp_KM1513-15m_A,I139.0157R7.24_HILICNeg,6.97,10121187,0,653127,-0.1,molecules1
molecules1,180702_Smp_S7E41D30_1,I139.0157R7.24_HILICNeg,7.93,35883804,0,3807234,0.5,molecules1
molecules1,170213_Smp_Pc55x_A,I139.0157R7.24_HILICNeg,1.86,328448,0,126378,6.9,molecules1
molecules1,170213_Smp_Pc55x_B,I139.0157R7.24_HILICNeg,11.53,13765,0,14772,7.4,molecules1
molecules1,170213_Smp_Pc55x_C,I139.0157R7.24_HILICNeg,1.84,306396,0,108986,7.7,molecules1
molecules1,170213_Smp_Np_A_rerun,I139.0157R7.24_HILICNeg,#N/A,#N/A,#N/A,#N/A,#N/A,molecules1
molecules1,170213_Smp_Np_C_rerun,I139.0157R7.24_HILICNeg,1.86,719667,0,180999,6.7,molecules1
molecules1,170213_Smp_Np_F,I139.0157R7.24_HILICNeg,1.86,157910,0,60049,7.9,molecules1
molecules1,170213_Smp_Pt_C,I139.0157R7.24_HILICNeg,11.95,910996,0,223015,-7.1,molecules1
molecules1,170213_Smp_Pt_F_rerun,I139.0157R7.24_HILICNeg,9.55,1203497,0,384431,-6.4,molecules1
molecules1,170213_Blk_MediaBlk_Pc55x,I376.9346R7.43_HILICNeg,#N/A,#N/A,#N/A,#N/A,#N/A,molecules1
molecules1,161107_Blk_MediaBlk_DiatomZ,I376.9346R7.43_HILICNeg,#N/A,#N/A,#N/A,#N/A,#N/A,molecules1
molecules1,170410_Smp_KM1513-15m_A,I376.9346R7.43_HILICNeg,#N/A,#N/A,#N/A,#N/A,#N/A,molecules1
molecules1,180702_Smp_S7E41D30_1,I376.9346R7.43_HILICNeg,#N/A,#N/A,#N/A,#N/A,#N/A,molecules1
molecules1,170213_Smp_Pc55x_A,I376.9346R7.43_HILICNeg,6.32,41761,0,16259,1.5,molecules1
molecules1,170213_Smp_Pc55x_B,I376.9346R7.43_HILICNeg,6.41,43464,0,18116,1.6,molecules1
molecules1,170213_Smp_Pc55x_C,I376.9346R7.43_HILICNeg,6.34,27218,0,19316,0.6,molecules1
molecules1,170213_Smp_Np_A_rerun,I376.9346R7.43_HILICNeg,#N/A,#N/A,#N/A,#N/A,#N/A,molecules1
molecules1,170213_Smp_Np_C_rerun,I376.9346R7.43_HILICNeg,0.4,12238,0,9703,-0.8,molecules1
molecules1,170213_Smp_Np_F,I376.9346R7.43_HILICNeg,#N/A,#N/A,#N/A,#N/A,#N/A,molecules1
molecules1,170213_Smp_Pt_C,I376.9346R7.43_HILICNeg,#N/A,#N/A,#N/A,#N/A,#N/A,molecules1
molecules1,170213_Smp_Pt_F_rerun,I376.9346R7.43_HILICNeg,#N/A,#N/A,#N/A,#N/A,#N/A,molecules1
molecules1,170213_Blk_MediaBlk_Pc55x,I136.0395R7.72_HILICNeg,8.66,582411,538893,36390,0.6,molecules1
molecules1,161107_Blk_MediaBlk_DiatomZ,I136.0395R7.72_HILICNeg,8.21,1511586,0,116001,-1,molecules1
molecules1,170410_Smp_KM1513-15m_A,I136.0395R7.72_HILICNeg,8.51,1703219,0,108842,-1.6,molecules1
molecules1,180702_Smp_S7E41D30_1,I136.0395R7.72_HILICNeg,8.04,28286942,0,2073017,0.6,molecules1
molecules1,170213_Smp_Pc55x_A,I136.0395R7.72_HILICNeg,#N/A,#N/A,#N/A,#N/A,#N/A,molecules1
molecules1,170213_Smp_Pc55x_B,I136.0395R7.72_HILICNeg,#N/A,#N/A,#N/A,#N/A,#N/A,molecules1
molecules1,170213_Smp_Pc55x_C,I136.0395R7.72_HILICNeg,#N/A,#N/A,#N/A,#N/A,#N/A,molecules1
molecules1,170213_Smp_Np_A_rerun,I136.0395R7.72_HILICNeg,21.05,14218845,3559031,265452,1,molecules1
molecules1,170213_Smp_Np_C_rerun,I136.0395R7.72_HILICNeg,#N/A,#N/A,#N/A,#N/A,#N/A,molecules1
molecules1,170213_Smp_Np_F,I136.0395R7.72_HILICNeg,21.96,3227781,0,252025,0.3,molecules1
molecules1,170213_Smp_Pt_C,I136.0395R7.72_HILICNeg,8.49,66178096,142769,4867054,1,molecules1
molecules1,170213_Smp_Pt_F_rerun,I136.0395R7.72_HILICNeg,8.49,88913200,79954,6509043,0.9,molecules1
molecules1,170213_Blk_MediaBlk_Pc55x,I331.1154R11.28_HILICNeg,24.75,1127629,50309,104235,5.7,molecules1
molecules1,161107_Blk_MediaBlk_DiatomZ,I331.1154R11.28_HILICNeg,19.31,1885338,125115,217432,3.7,molecules1
molecules1,170410_Smp_KM1513-15m_A,I331.1154R11.28_HILICNeg,11.63,54846176,0,6334860,-0.7,molecules1
molecules1,180702_Smp_S7E41D30_1,I331.1154R11.28_HILICNeg,11.79,20979400,0,2648089,0.2,molecules1
molecules1,170213_Smp_Pc55x_A,I331.1154R11.28_HILICNeg,1.92,1274628,0,217602,12.2,molecules1
molecules1,170213_Smp_Pc55x_B,I331.1154R11.28_HILICNeg,2.04,1544569,0,225186,12.1,molecules1
molecules1,170213_Smp_Pc55x_C,I331.1154R11.28_HILICNeg,21.25,1281320,0,115324,5.2,molecules1
molecules1,170213_Smp_Np_A_rerun,I331.1154R11.28_HILICNeg,24.81,1588377,0,134682,5.1,molecules1
molecules1,170213_Smp_Np_C_rerun,I331.1154R11.28_HILICNeg,22.6,1033799,0,134370,5.4,molecules1
molecules1,170213_Smp_Np_F,I331.1154R11.28_HILICNeg,21.17,970261,163665,115163,5.3,molecules1
molecules1,170213_Smp_Pt_C,I331.1154R11.28_HILICNeg,16.61,884720,7541,100932,5.3,molecules1
molecules1,170213_Smp_Pt_F_rerun,I331.1154R11.28_HILICNeg,19.51,1222807,0,116907,4.5,molecules1
molecules1,170213_Blk_MediaBlk_Pc55x,I206.9967R1.94_HILICNeg,#N/A,#N/A,#N/A,#N/A,#N/A,molecules1
molecules1,161107_Blk_MediaBlk_DiatomZ,I206.9967R1.94_HILICNeg,#N/A,#N/A,#N/A,#N/A,#N/A,molecules1
molecules1,170410_Smp_KM1513-15m_A,I206.9967R1.94_HILICNeg,2.04,1229997,0,211740,-0.4,molecules1
molecules1,180702_Smp_S7E41D30_1,I206.9967R1.94_HILICNeg,#N/A,#N/A,#N/A,#N/A,#N/A,molecules1
molecules1,170213_Smp_Pc55x_A,I206.9967R1.94_HILICNeg,7.75,488681,0,71881,-0.5,molecules1
molecules1,170213_Smp_Pc55x_B,I206.9967R1.94_HILICNeg,7.78,324334,0,59135,-1,molecules1
molecules1,170213_Smp_Pc55x_C,I206.9967R1.94_HILICNeg,7.78,480073,0,60880,-0.5,molecules1
molecules1,170213_Smp_Np_A_rerun,I206.9967R1.94_HILICNeg,#N/A,#N/A,#N/A,#N/A,#N/A,molecules1
molecules1,170213_Smp_Np_C_rerun,I206.9967R1.94_HILICNeg,#N/A,#N/A,#N/A,#N/A,#N/A,molecules1
molecules1,170213_Smp_Np_F,I206.9967R1.94_HILICNeg,5.92,8659,0,8621,-10.7,molecules1
molecules1,170213_Smp_Pt_C,I206.9967R1.94_HILICNeg,#N/A,#N/A,#N/A,#N/A,#N/A,molecules1
molecules1,170213_Smp_Pt_F_rerun,I206.9967R1.94_HILICNeg,#N/A,#N/A,#N/A,#N/A,#N/A,molecules1
molecules1,170213_Blk_MediaBlk_Pc55x,I214.0484R11.68_HILICNeg,11.62,29516,0,23625,-6.7,molecules1
molecules1,161107_Blk_MediaBlk_DiatomZ,I214.0484R11.68_HILICNeg,12.09,51287,0,36720,-4,molecules1
molecules1,170410_Smp_KM1513-15m_A,I214.0484R11.68_HILICNeg,12.35,45453196,0,4738160,-0.5,molecules1
molecules1,180702_Smp_S7E41D30_1,I214.0484R11.68_HILICNeg,12.2,11582001,0,1576286,0.6,molecules1
molecules1,170213_Smp_Pc55x_A,I214.0484R11.68_HILICNeg,12.12,30006152,34452,2774595,0.9,molecules1
molecules1,170213_Smp_Pc55x_B,I214.0484R11.68_HILICNeg,12.12,26744992,89660,2702066,0.9,molecules1
molecules1,170213_Smp_Pc55x_C,I214.0484R11.68_HILICNeg,12.12,21364058,175837,2078259,1.2,molecules1
molecules1,170213_Smp_Np_A_rerun,I214.0484R11.68_HILICNeg,12.17,20358792,0,1960621,1.1,molecules1
molecules1,170213_Smp_Np_C_rerun,I214.0484R11.68_HILICNeg,12.18,15440243,0,1403908,1.2,molecules1
molecules1,170213_Smp_Np_F,I214.0484R11.68_HILICNeg,12.09,15439965,0,1512699,1.1,molecules1
molecules1,170213_Smp_Pt_C,I214.0484R11.68_HILICNeg,12.12,9938528,0,967871,1.3,molecules1
molecules1,170213_Smp_Pt_F_rerun,I214.0484R11.68_HILICNeg,12.21,37350516,0,3264238,1.1,molecules1
molecules1,170213_Blk_MediaBlk_Pc55x,I194.9965R12.04_HILICNeg,2.76,9372,0,9161,-6.5,molecules1
molecules1,161107_Blk_MediaBlk_DiatomZ,I194.9965R12.04_HILICNeg,#N/A,#N/A,#N/A,#N/A,#N/A,molecules1
molecules1,170410_Smp_KM1513-15m_A,I194.9965R12.04_HILICNeg,12.13,13291841,0,1501729,-0.8,molecules1
molecules1,180702_Smp_S7E41D30_1,I194.9965R12.04_HILICNeg,12.48,9431309,0,1156396,0.5,molecules1
molecules1,170213_Smp_Pc55x_A,I194.9965R12.04_HILICNeg,10,1184748,0,263949,-0.6,molecules1
molecules1,170213_Smp_Pc55x_B,I194.9965R12.04_HILICNeg,9.98,1095043,0,260029,-0.4,molecules1
molecules1,170213_Smp_Pc55x_C,I194.9965R12.04_HILICNeg,9.96,823254,0,227647,-0.5,molecules1
molecules1,170213_Smp_Np_A_rerun,I194.9965R12.04_HILICNeg,10.06,443586,0,132056,0.4,molecules1
molecules1,170213_Smp_Np_C_rerun,I194.9965R12.04_HILICNeg,10.1,225154,0,62065,-0.4,molecules1
molecules1,170213_Smp_Np_F,I194.9965R12.04_HILICNeg,9.98,920280,0,193080,-0.5,molecules1
molecules1,170213_Smp_Pt_C,I194.9965R12.04_HILICNeg,#N/A,#N/A,#N/A,#N/A,#N/A,molecules1
molecules1,170213_Smp_Pt_F_rerun,I194.9965R12.04_HILICNeg,10.16,320601,0,120828,-1,molecules1
molecules1,170213_Blk_MediaBlk_Pc55x,I346.0564R12.06_HILICNeg,11.85,20110,0,12280,-1,molecules1
molecules1,161107_Blk_MediaBlk_DiatomZ,I346.0564R12.06_HILICNeg,11.65,0,0,0,#N/A,molecules1
molecules1,170410_Smp_KM1513-15m_A,I346.0564R12.06_HILICNeg,12.21,33750496,207659,1942191,-0.6,molecules1
molecules1,180702_Smp_S7E41D30_1,I346.0564R12.06_HILICNeg,12.33,31084850,264726,2657828,0.2,molecules1
molecules1,170213_Smp_Pc55x_A,I346.0564R12.06_HILICNeg,11.84,46408860,0,3028273,0.7,molecules1
molecules1,170213_Smp_Pc55x_B,I346.0564R12.06_HILICNeg,11.84,42908340,0,2861605,0.5,molecules1
molecules1,170213_Smp_Pc55x_C,I346.0564R12.06_HILICNeg,11.82,25830362,0,1784076,0.9,molecules1
molecules1,170213_Smp_Np_A_rerun,I346.0564R12.06_HILICNeg,11.82,401736576,6208265,25773618,0.9,molecules1
molecules1,170213_Smp_Np_C_rerun,I346.0564R12.06_HILICNeg,11.86,202995136,1983620,13610262,1,molecules1
molecules1,170213_Smp_Np_F,I346.0564R12.06_HILICNeg,11.87,337088320,4478648,21664412,0.9,molecules1
molecules1,170213_Smp_Pt_C,I346.0564R12.06_HILICNeg,11.87,253181824,4430573,17218630,1,molecules1
molecules1,170213_Smp_Pt_F_rerun,I346.0564R12.06_HILICNeg,11.89,285366944,2476133,19905528,1,molecules1
molecules1,170213_Blk_MediaBlk_Pc55x,I327.1204R10.42_HILICNeg,20.4,738270,0,71055,5.3,molecules1
molecules1,161107_Blk_MediaBlk_DiatomZ,I327.1204R10.42_HILICNeg,24.84,1978916,0,152312,4.2,molecules1
molecules1,170410_Smp_KM1513-15m_A,I327.1204R10.42_HILICNeg,10.94,2745843,0,345411,-0.3,molecules1
molecules1,180702_Smp_S7E41D30_1,I327.1204R10.42_HILICNeg,10.61,3557118,0,234994,0.5,molecules1
molecules1,170213_Smp_Pc55x_A,I327.1204R10.42_HILICNeg,24.05,913969,0,86159,6,molecules1
molecules1,170213_Smp_Pc55x_B,I327.1204R10.42_HILICNeg,19.88,538209,0,67361,4.3,molecules1
molecules1,170213_Smp_Pc55x_C,I327.1204R10.42_HILICNeg,19.79,563003,0,72147,4.8,molecules1
molecules1,170213_Smp_Np_A_rerun,I327.1204R10.42_HILICNeg,24.74,966622,0,124130,5,molecules1
molecules1,170213_Smp_Np_C_rerun,I327.1204R10.42_HILICNeg,23.74,1320268,0,118099,5.7,molecules1
molecules1,170213_Smp_Np_F,I327.1204R10.42_HILICNeg,23.81,1039251,0,90339,5,molecules1
molecules1,170213_Smp_Pt_C,I327.1204R10.42_HILICNeg,19.67,700073,0,78775,5.3,molecules1
molecules1,170213_Smp_Pt_F_rerun,I327.1204R10.42_HILICNeg,23.55,1370147,74841,106047,5.7,molecules1
molecules1,170213_Blk_MediaBlk_Pc55x,I379.083R11.37_HILICNeg,11.81,0,0,0,#N/A,molecules1
molecules1,161107_Blk_MediaBlk_DiatomZ,I379.083R11.37_HILICNeg,9.75,0,0,0,#N/A,molecules1
molecules1,170410_Smp_KM1513-15m_A,I379.083R11.37_HILICNeg,11.93,21818858,1221354,2412572,-0.6,molecules1
molecules1,180702_Smp_S7E41D30_1,I379.083R11.37_HILICNeg,#N/A,#N/A,#N/A,#N/A,#N/A,molecules1
molecules1,170213_Smp_Pc55x_A,I379.083R11.37_HILICNeg,11.79,9123292,0,353971,0.9,molecules1
molecules1,170213_Smp_Pc55x_B,I379.083R11.37_HILICNeg,11.73,9152079,0,374868,0.8,molecules1
molecules1,170213_Smp_Pc55x_C,I379.083R11.37_HILICNeg,11.79,6387284,0,268964,1,molecules1
molecules1,170213_Smp_Np_A_rerun,I379.083R11.37_HILICNeg,11.79,2674405,0,121385,2,molecules1
molecules1,170213_Smp_Np_C_rerun,I379.083R11.37_HILICNeg,11.55,1657386,0,130921,1.8,molecules1
molecules1,170213_Smp_Np_F,I379.083R11.37_HILICNeg,11.73,1026174,0,69712,1.3,molecules1
molecules1,170213_Smp_Pt_C,I379.083R11.37_HILICNeg,11.56,4946467,0,214165,1.8,molecules1
molecules1,170213_Smp_Pt_F_rerun,I379.083R11.37_HILICNeg,11.6,7358749,0,297139,1.2,molecules1
molecules1,170213_Blk_MediaBlk_Pc55x,I329.0856R4.34_HILICNeg,4.69,0,0,0,#N/A,molecules1
molecules1,161107_Blk_MediaBlk_DiatomZ,I329.0856R4.34_HILICNeg,5.02,0,0,0,#N/A,molecules1
molecules1,170410_Smp_KM1513-15m_A,I329.0856R4.34_HILICNeg,5.4,6601562,0,310479,-0.4,molecules1
molecules1,180702_Smp_S7E41D30_1,I329.0856R4.34_HILICNeg,#N/A,#N/A,#N/A,#N/A,#N/A,molecules1
molecules1,170213_Smp_Pc55x_A,I329.0856R4.34_HILICNeg,10,554794,0,122774,9.3,molecules1
molecules1,170213_Smp_Pc55x_B,I329.0856R4.34_HILICNeg,10,689360,0,139404,9.2,molecules1
molecules1,170213_Smp_Pc55x_C,I329.0856R4.34_HILICNeg,#N/A,#N/A,#N/A,#N/A,#N/A,molecules1
molecules1,170213_Smp_Np_A_rerun,I329.0856R4.34_HILICNeg,5.44,2663924,0,127810,1.5,molecules1
molecules1,170213_Smp_Np_C_rerun,I329.0856R4.34_HILICNeg,5.44,6822531,0,297717,1.2,molecules1
molecules1,170213_Smp_Np_F,I329.0856R4.34_HILICNeg,5.38,4274404,0,194544,1.3,molecules1
molecules1,170213_Smp_Pt_C,I329.0856R4.34_HILICNeg,5.41,3015647,0,155245,1.5,molecules1
molecules1,170213_Smp_Pt_F_rerun,I329.0856R4.34_HILICNeg,5.38,2292891,0,125080,1.3,molecules1
molecules1,170213_Blk_MediaBlk_Pc55x,I300.8705R4.81_HILICNeg,4.28,1063175,0,124522,1.4,molecules1
molecules1,161107_Blk_MediaBlk_DiatomZ,I300.8705R4.81_HILICNeg,4.01,0,0,0,#N/A,molecules1
molecules1,170410_Smp_KM1513-15m_A,I300.8705R4.81_HILICNeg,4,36770,0,17383,0.7,molecules1
molecules1,180702_Smp_S7E41D30_1,I300.8705R4.81_HILICNeg,#N/A,#N/A,#N/A,#N/A,#N/A,molecules1
molecules1,170213_Smp_Pc55x_A,I300.8705R4.81_HILICNeg,22.58,5031227,0,507922,8.2,molecules1
molecules1,170213_Smp_Pc55x_B,I300.8705R4.81_HILICNeg,22.57,5465389,0,545587,7.9,molecules1
molecules1,170213_Smp_Pc55x_C,I300.8705R4.81_HILICNeg,4.23,86321,0,18890,1.7,molecules1
molecules1,170213_Smp_Np_A_rerun,I300.8705R4.81_HILICNeg,4.34,887658,0,121636,1.5,molecules1
molecules1,170213_Smp_Np_C_rerun,I300.8705R4.81_HILICNeg,4.36,671308,0,75613,1.3,molecules1
molecules1,170213_Smp_Np_F,I300.8705R4.81_HILICNeg,4.25,1551088,0,157107,1.4,molecules1
molecules1,170213_Smp_Pt_C,I300.8705R4.81_HILICNeg,4.29,1109454,0,127856,1.8,molecules1
molecules1,170213_Smp_Pt_F_rerun,I300.8705R4.81_HILICNeg,4.41,602179,0,69116,1.3,molecules1
molecules1,170213_Blk_MediaBlk_Pc55x,I292.0727R10.9_HILICNeg,11.68,59328,0,17642,-6.9,molecules1
molecules1,161107_Blk_MediaBlk_DiatomZ,I292.0727R10.9_HILICNeg,11.92,247311,0,54267,-1.3,molecules1
molecules1,170410_Smp_KM1513-15m_A,I292.0727R10.9_HILICNeg,11.68,25773454,0,3076605,-0.4,molecules1
molecules1,180702_Smp_S7E41D30_1,I292.0727R10.9_HILICNeg,11.19,21061938,0,2234385,0.5,molecules1
molecules1,170213_Smp_Pc55x_A,I292.0727R10.9_HILICNeg,11.59,41335940,0,3861019,0.9,molecules1
molecules1,170213_Smp_Pc55x_B,I292.0727R10.9_HILICNeg,11.58,38399376,43260,3423483,0.9,molecules1
molecules1,170213_Smp_Pc55x_C,I292.0727R10.9_HILICNeg,11.58,30034856,0,2715270,1.1,molecules1
molecules1,170213_Smp_Np_A_rerun,I292.0727R10.9_HILICNeg,11.58,60627680,138067,5725940,1,molecules1
molecules1,170213_Smp_Np_C_rerun,I292.0727R10.9_HILICNeg,11.55,23149868,0,2283827,1.3,molecules1
molecules1,170213_Smp_Np_F,I292.0727R10.9_HILICNeg,11.58,26993030,0,2494016,1.1,molecules1
molecules1,170213_Smp_Pt_C,I292.0727R10.9_HILICNeg,11.59,6346535,0,594746,1.4,molecules1
molecules1,170213_Smp_Pt_F_rerun,I292.0727R10.9_HILICNeg,11.55,36134988,0,3291030,1.2,molecules1
molecules1,170213_Blk_MediaBlk_Pc55x,I414.1638R9.08_HILICNeg,23.34,22930,0,14045,1.1,molecules1
molecules1,161107_Blk_MediaBlk_DiatomZ,I414.1638R9.08_HILICNeg,13.62,44358,0,24805,-7,molecules1
molecules1,170410_Smp_KM1513-15m_A,I414.1638R9.08_HILICNeg,10.16,3954236,0,322774,0,molecules1
molecules1,180702_Smp_S7E41D30_1,I414.1638R9.08_HILICNeg,#N/A,#N/A,#N/A,#N/A,#N/A,molecules1
molecules1,170213_Smp_Pc55x_A,I414.1638R9.08_HILICNeg,2.66,238365,0,84264,5.3,molecules1
molecules1,170213_Smp_Pc55x_B,I414.1638R9.08_HILICNeg,2.65,356708,0,241398,12.9,molecules1
molecules1,170213_Smp_Pc55x_C,I414.1638R9.08_HILICNeg,2.68,35008,0,24911,2.7,molecules1
molecules1,170213_Smp_Np_A_rerun,I414.1638R9.08_HILICNeg,18.46,38118,0,22695,1.1,molecules1
molecules1,170213_Smp_Np_C_rerun,I414.1638R9.08_HILICNeg,23.54,35037,0,26439,3.5,molecules1
molecules1,170213_Smp_Np_F,I414.1638R9.08_HILICNeg,18.46,29003,0,20776,1,molecules1
molecules1,170213_Smp_Pt_C,I414.1638R9.08_HILICNeg,16.96,22444,0,21519,4.5,molecules1
molecules1,170213_Smp_Pt_F_rerun,I414.1638R9.08_HILICNeg,24.83,39068,0,27629,2,molecules1
molecules1,170213_Blk_MediaBlk_Pc55x,I229.1557R2_HILICNeg,2.17,0,0,0,#N/A,molecules1
molecules1,161107_Blk_MediaBlk_DiatomZ,I229.1557R2_HILICNeg,2.07,0,0,0,#N/A,molecules1
molecules1,170410_Smp_KM1513-15m_A,I229.1557R2_HILICNeg,2.37,10287742,57488,1023221,-0.7,molecules1
molecules1,180702_Smp_S7E41D30_1,I229.1557R2_HILICNeg,2.19,10091019,0,1186670,1,molecules1
molecules1,170213_Smp_Pc55x_A,I229.1557R2_HILICNeg,2.49,38300,0,22502,0.8,molecules1
molecules1,170213_Smp_Pc55x_B,I229.1557R2_HILICNeg,#N/A,#N/A,#N/A,#N/A,#N/A,molecules1
molecules1,170213_Smp_Pc55x_C,I229.1557R2_HILICNeg,2.48,54327,0,23114,0.6,molecules1
molecules1,170213_Smp_Np_A_rerun,I229.1557R2_HILICNeg,2.51,3272477,0,355348,0.9,molecules1
molecules1,170213_Smp_Np_C_rerun,I229.1557R2_HILICNeg,2.54,3721798,0,454886,0.9,molecules1
molecules1,170213_Smp_Np_F,I229.1557R2_HILICNeg,2.45,4499412,0,509747,0.7,molecules1
molecules1,170213_Smp_Pt_C,I229.1557R2_HILICNeg,2.49,1628476,0,167143,0.8,molecules1
molecules1,170213_Smp_Pt_F_rerun,I229.1557R2_HILICNeg,2.52,2082894,0,261771,0.8,molecules1
molecules1,170213_Blk_MediaBlk_Pc55x,I192.9131R3.72_HILICNeg,0.21,1366792,0,107628,-9.7,molecules1
molecules1,161107_Blk_MediaBlk_DiatomZ,I192.9131R3.72_HILICNeg,#N/A,#N/A,#N/A,#N/A,#N/A,molecules1
molecules1,170410_Smp_KM1513-15m_A,I192.9131R3.72_HILICNeg,3.31,9335256,0,793612,-1.1,molecules1
molecules1,180702_Smp_S7E41D30_1,I192.9131R3.72_HILICNeg,#N/A,#N/A,#N/A,#N/A,#N/A,molecules1
molecules1,170213_Smp_Pc55x_A,I192.9131R3.72_HILICNeg,0.21,675819,0,72077,-9.2,molecules1
molecules1,170213_Smp_Pc55x_B,I192.9131R3.72_HILICNeg,12.48,1127386,0,145150,4.1,molecules1
molecules1,170213_Smp_Pc55x_C,I192.9131R3.72_HILICNeg,0.26,801248,0,74529,-9.3,molecules1
molecules1,170213_Smp_Np_A_rerun,I192.9131R3.72_HILICNeg,0.15,138033,0,28276,-7,molecules1
molecules1,170213_Smp_Np_C_rerun,I192.9131R3.72_HILICNeg,0.27,405950,0,54530,-8.1,molecules1
molecules1,170213_Smp_Np_F,I192.9131R3.72_HILICNeg,0.15,348102,0,50044,-9.1,molecules1
molecules1,170213_Smp_Pt_C,I192.9131R3.72_HILICNeg,0.18,1497592,0,93627,-9.6,molecules1
molecules1,170213_Smp_Pt_F_rerun,I192.9131R3.72_HILICNeg,0.2,262263,0,51058,-8.7,molecules1
molecules1,170213_Blk_MediaBlk_Pc55x,I243.1715R1.84_HILICNeg,2.32,0,0,0,#N/A,molecules1
molecules1,161107_Blk_MediaBlk_DiatomZ,I243.1715R1.84_HILICNeg,2,0,0,0,#N/A,molecules1
molecules1,170410_Smp_KM1513-15m_A,I243.1715R1.84_HILICNeg,2.18,11832092,93767,1355712,-0.6,molecules1
molecules1,180702_Smp_S7E41D30_1,I243.1715R1.84_HILICNeg,2.02,8712645,0,899940,0.9,molecules1
molecules1,170213_Smp_Pc55x_A,I243.1715R1.84_HILICNeg,2.35,19265,0,13946,0,molecules1
molecules1,170213_Smp_Pc55x_B,I243.1715R1.84_HILICNeg,#N/A,#N/A,#N/A,#N/A,#N/A,molecules1
molecules1,170213_Smp_Pc55x_C,I243.1715R1.84_HILICNeg,2.29,15626,0,12962,-0.2,molecules1
molecules1,170213_Smp_Np_A_rerun,I243.1715R1.84_HILICNeg,2.32,3295593,0,384019,1,molecules1
molecules1,170213_Smp_Np_C_rerun,I243.1715R1.84_HILICNeg,2.34,4149351,0,491542,1,molecules1
molecules1,170213_Smp_Np_F,I243.1715R1.84_HILICNeg,2.28,3848858,0,433668,0.8,molecules1
molecules1,170213_Smp_Pt_C,I243.1715R1.84_HILICNeg,2.29,889724,0,131951,1.5,molecules1
molecules1,170213_Smp_Pt_F_rerun,I243.1715R1.84_HILICNeg,2.31,1324757,0,179155,1.1,molecules1
molecules1,170213_Blk_MediaBlk_Pc55x,I304.079R2.8_HILICNeg,4.23,17840,0,9388,4,molecules1
molecules1,161107_Blk_MediaBlk_DiatomZ,I304.079R2.8_HILICNeg,3.11,0,0,0,#N/A,molecules1
molecules1,170410_Smp_KM1513-15m_A,I304.079R2.8_HILICNeg,3.47,4171589,0,218139,-0.1,molecules1
molecules1,180702_Smp_S7E41D30_1,I304.079R2.8_HILICNeg,#N/A,#N/A,#N/A,#N/A,#N/A,molecules1
molecules1,170213_Smp_Pc55x_A,I304.079R2.8_HILICNeg,3.44,988609,0,64268,0.6,molecules1
molecules1,170213_Smp_Pc55x_B,I304.079R2.8_HILICNeg,3.31,845110,0,55392,0.3,molecules1
molecules1,170213_Smp_Pc55x_C,I304.079R2.8_HILICNeg,3.36,838690,0,62341,1.8,molecules1
molecules1,170213_Smp_Np_A_rerun,I304.079R2.8_HILICNeg,9.47,3150909,0,223898,11.2,molecules1
molecules1,170213_Smp_Np_C_rerun,I304.079R2.8_HILICNeg,9.45,3321821,0,255080,11.4,molecules1
molecules1,170213_Smp_Np_F,I304.079R2.8_HILICNeg,9.52,3668609,0,300126,11,molecules1
molecules1,170213_Smp_Pt_C,I304.079R2.8_HILICNeg,9.48,1306737,0,112838,10.8,molecules1
molecules1,170213_Smp_Pt_F_rerun,I304.079R2.8_HILICNeg,9.44,1447696,0,174466,10.2,molecules1
molecules1,170213_Blk_MediaBlk_Pc55x,I620.9939R2.17_HILICNeg,9.81,47014,0,31198,10.6,molecules1
molecules1,161107_Blk_MediaBlk_DiatomZ,I620.9939R2.17_HILICNeg,9.9,45610,0,21736,10.8,molecules1
molecules1,170410_Smp_KM1513-15m_A,I620.9939R2.17_HILICNeg,2.54,931059,0,137650,-0.7,molecules1
molecules1,180702_Smp_S7E41D30_1,I620.9939R2.17_HILICNeg,2.31,62981,0,55362,3,molecules1
molecules1,170213_Smp_Pc55x_A,I620.9939R2.17_HILICNeg,9.92,34814,0,22283,13.1,molecules1
molecules1,170213_Smp_Pc55x_B,I620.9939R2.17_HILICNeg,9.9,30152,0,16353,7.7,molecules1
molecules1,170213_Smp_Pc55x_C,I620.9939R2.17_HILICNeg,9.76,16993,0,11736,7.1,molecules1
molecules1,170213_Smp_Np_A_rerun,I620.9939R2.17_HILICNeg,9.27,21921,0,21048,1.9,molecules1
molecules1,170213_Smp_Np_C_rerun,I620.9939R2.17_HILICNeg,10,41657,0,23889,5.4,molecules1
molecules1,170213_Smp_Np_F,I620.9939R2.17_HILICNeg,9.86,23063,0,12568,7.8,molecules1
molecules1,170213_Smp_Pt_C,I620.9939R2.17_HILICNeg,9.92,48497,0,28120,7.9,molecules1
molecules1,170213_Smp_Pt_F_rerun,I620.9939R2.17_HILICNeg,10,45355,0,24192,10,molecules1
molecules1,170213_Blk_MediaBlk_Pc55x,I622.9911R2.17_HILICNeg,9.84,214057,0,39567,12.8,molecules1
molecules1,161107_Blk_MediaBlk_DiatomZ,I622.9911R2.17_HILICNeg,9.87,155189,0,85963,11.5,molecules1
molecules1,170410_Smp_KM1513-15m_A,I622.9911R2.17_HILICNeg,2.57,840167,0,128193,-0.1,molecules1
molecules1,180702_Smp_S7E41D30_1,I622.9911R2.17_HILICNeg,#N/A,#N/A,#N/A,#N/A,#N/A,molecules1
molecules1,170213_Smp_Pc55x_A,I622.9911R2.17_HILICNeg,9.92,84331,0,26571,11.7,molecules1
molecules1,170213_Smp_Pc55x_B,I622.9911R2.17_HILICNeg,9.89,62375,0,34144,14,molecules1
molecules1,170213_Smp_Pc55x_C,I622.9911R2.17_HILICNeg,9.86,141330,0,25581,12.1,molecules1
molecules1,170213_Smp_Np_A_rerun,I622.9911R2.17_HILICNeg,9.89,51480,0,19874,11.5,molecules1
molecules1,170213_Smp_Np_C_rerun,I622.9911R2.17_HILICNeg,9.94,148168,0,31824,10.1,molecules1
molecules1,170213_Smp_Np_F,I622.9911R2.17_HILICNeg,9.83,207744,0,56896,11,molecules1
molecules1,170213_Smp_Pt_C,I622.9911R2.17_HILICNeg,9.9,191980,0,41968,6.9,molecules1
molecules1,170213_Smp_Pt_F_rerun,I622.9911R2.17_HILICNeg,10.07,327248,0,48709,12.1,molecules1
molecules1,170213_Blk_MediaBlk_Pc55x,I338.006R9.9_HILICNeg,#N/A,#N/A,#N/A,#N/A,#N/A,molecules1
molecules1,161107_Blk_MediaBlk_DiatomZ,I338.006R9.9_HILICNeg,#N/A,#N/A,#N/A,#N/A,#N/A,molecules1
molecules1,170410_Smp_KM1513-15m_A,I338.006R9.9_HILICNeg,10.71,2236121,0,226733,-0.3,molecules1
molecules1,180702_Smp_S7E41D30_1,I338.006R9.9_HILICNeg,#N/A,#N/A,#N/A,#N/A,#N/A,molecules1
molecules1,170213_Smp_Pc55x_A,I338.006R9.9_HILICNeg,#N/A,#N/A,#N/A,#N/A,#N/A,molecules1
molecules1,170213_Smp_Pc55x_B,I338.006R9.9_HILICNeg,10.21,22994,0,13420,-1.7,molecules1
molecules1,170213_Smp_Pc55x_C,I338.006R9.9_HILICNeg,7.28,20052,0,19639,5.9,molecules1
molecules1,170213_Smp_Np_A_rerun,I338.006R9.9_HILICNeg,#N/A,#N/A,#N/A,#N/A,#N/A,molecules1
molecules1,170213_Smp_Np_C_rerun,I338.006R9.9_HILICNeg,#N/A,#N/A,#N/A,#N/A,#N/A,molecules1
molecules1,170213_Smp_Np_F,I338.006R9.9_HILICNeg,#N/A,#N/A,#N/A,#N/A,#N/A,molecules1
molecules1,170213_Smp_Pt_C,I338.006R9.9_HILICNeg,#N/A,#N/A,#N/A,#N/A,#N/A,molecules1
molecules1,170213_Smp_Pt_F_rerun,I338.006R9.9_HILICNeg,#N/A,#N/A,#N/A,#N/A,#N/A,molecules1
molecules1,170213_Blk_MediaBlk_Pc55x,I214.0388R5.25_HILICNeg,21.06,947982,99081,84849,-7.4,molecules1
molecules1,161107_Blk_MediaBlk_DiatomZ,I214.0388R5.25_HILICNeg,24.92,1589905,0,251665,-9.6,molecules1
molecules1,170410_Smp_KM1513-15m_A,I214.0388R5.25_HILICNeg,5.63,1997218,0,139418,-0.7,molecules1
molecules1,180702_Smp_S7E41D30_1,I214.0388R5.25_HILICNeg,#N/A,#N/A,#N/A,#N/A,#N/A,molecules1
molecules1,170213_Smp_Pc55x_A,I214.0388R5.25_HILICNeg,23.67,1080208,18968,137893,-7.9,molecules1
molecules1,170213_Smp_Pc55x_B,I214.0388R5.25_HILICNeg,22.98,1142660,0,102774,-6.9,molecules1
molecules1,170213_Smp_Pc55x_C,I214.0388R5.25_HILICNeg,20.64,839713,316963,90495,-8.3,molecules1
molecules1,170213_Smp_Np_A_rerun,I214.0388R5.25_HILICNeg,10.04,1198474,0,150549,-0.5,molecules1
molecules1,170213_Smp_Np_C_rerun,I214.0388R5.25_HILICNeg,21.57,1054995,0,123048,-7.8,molecules1
molecules1,170213_Smp_Np_F,I214.0388R5.25_HILICNeg,20.4,943998,4951,117254,-7.8,molecules1
molecules1,170213_Smp_Pt_C,I214.0388R5.25_HILICNeg,20.38,698372,0,86737,-7.3,molecules1
molecules1,170213_Smp_Pt_F_rerun,I214.0388R5.25_HILICNeg,9.73,1337850,0,100421,-0.4,molecules1
molecules1,170213_Blk_MediaBlk_Pc55x,I192.9808R2.93_HILICNeg,2.32,0,0,0,#N/A,molecules1
molecules1,161107_Blk_MediaBlk_DiatomZ,I192.9808R2.93_HILICNeg,2.4,0,0,0,#N/A,molecules1
molecules1,170410_Smp_KM1513-15m_A,I192.9808R2.93_HILICNeg,2.67,936572,0,168717,-0.6,molecules1
molecules1,180702_Smp_S7E41D30_1,I192.9808R2.93_HILICNeg,3.21,1238316,0,190528,1.2,molecules1
molecules1,170213_Smp_Pc55x_A,I192.9808R2.93_HILICNeg,2.6,272887,0,184976,-8.1,molecules1
molecules1,170213_Smp_Pc55x_B,I192.9808R2.93_HILICNeg,2.68,311113,0,175095,-3.9,molecules1
molecules1,170213_Smp_Pc55x_C,I192.9808R2.93_HILICNeg,2.6,321267,0,102440,-2.4,molecules1
molecules1,170213_Smp_Np_A_rerun,I192.9808R2.93_HILICNeg,8.18,29897,0,17664,5,molecules1
molecules1,170213_Smp_Np_C_rerun,I192.9808R2.93_HILICNeg,#N/A,#N/A,#N/A,#N/A,#N/A,molecules1
molecules1,170213_Smp_Np_F,I192.9808R2.93_HILICNeg,20.64,24224,0,25879,-7.4,molecules1
molecules1,170213_Smp_Pt_C,I192.9808R2.93_HILICNeg,#N/A,#N/A,#N/A,#N/A,#N/A,molecules1
molecules1,170213_Smp_Pt_F_rerun,I192.9808R2.93_HILICNeg,#N/A,#N/A,#N/A,#N/A,#N/A,molecules1
molecules1,170213_Blk_MediaBlk_Pc55x,I241.0119R13.69_HILICNeg,13.23,0,0,0,#N/A,molecules1
molecules1,161107_Blk_MediaBlk_DiatomZ,I241.0119R13.69_HILICNeg,13.36,0,0,0,#N/A,molecules1
molecules1,170410_Smp_KM1513-15m_A,I241.0119R13.69_HILICNeg,13.59,2152500,0,276353,-0.4,molecules1
molecules1,180702_Smp_S7E41D30_1,I241.0119R13.69_HILICNeg,14.1,8001227,0,1078835,0.7,molecules1
molecules1,170213_Smp_Pc55x_A,I241.0119R13.69_HILICNeg,13.47,7765583,0,842077,1,molecules1
molecules1,170213_Smp_Pc55x_B,I241.0119R13.69_HILICNeg,13.47,9236762,0,956082,1.1,molecules1
molecules1,170213_Smp_Pc55x_C,I241.0119R13.69_HILICNeg,13.48,5295766,0,635521,1.4,molecules1
molecules1,170213_Smp_Np_A_rerun,I241.0119R13.69_HILICNeg,13.5,15231349,0,1697464,1.5,molecules1
molecules1,170213_Smp_Np_C_rerun,I241.0119R13.69_HILICNeg,13.51,16456808,0,1910495,1.4,molecules1
molecules1,170213_Smp_Np_F,I241.0119R13.69_HILICNeg,13.47,23521502,168621,2487785,1.2,molecules1
molecules1,170213_Smp_Pt_C,I241.0119R13.69_HILICNeg,13.51,22027814,0,2343886,1.5,molecules1
molecules1,170213_Smp_Pt_F_rerun,I241.0119R13.69_HILICNeg,13.51,17021846,0,1969991,1.3,molecules1
molecules1,170213_Blk_MediaBlk_Pc55x,I217.93R10.87_HILICNeg,#N/A,#N/A,#N/A,#N/A,#N/A,molecules1
molecules1,161107_Blk_MediaBlk_DiatomZ,I217.93R10.87_HILICNeg,#N/A,#N/A,#N/A,#N/A,#N/A,molecules1
molecules1,170410_Smp_KM1513-15m_A,I217.93R10.87_HILICNeg,11.08,714596,0,120384,-0.8,molecules1
molecules1,180702_Smp_S7E41D30_1,I217.93R10.87_HILICNeg,#N/A,#N/A,#N/A,#N/A,#N/A,molecules1
molecules1,170213_Smp_Pc55x_A,I217.93R10.87_HILICNeg,#N/A,#N/A,#N/A,#N/A,#N/A,molecules1
molecules1,170213_Smp_Pc55x_B,I217.93R10.87_HILICNeg,#N/A,#N/A,#N/A,#N/A,#N/A,molecules1
molecules1,170213_Smp_Pc55x_C,I217.93R10.87_HILICNeg,#N/A,#N/A,#N/A,#N/A,#N/A,molecules1
molecules1,170213_Smp_Np_A_rerun,I217.93R10.87_HILICNeg,#N/A,#N/A,#N/A,#N/A,#N/A,molecules1
molecules1,170213_Smp_Np_C_rerun,I217.93R10.87_HILICNeg,#N/A,#N/A,#N/A,#N/A,#N/A,molecules1
molecules1,170213_Smp_Np_F,I217.93R10.87_HILICNeg,#N/A,#N/A,#N/A,#N/A,#N/A,molecules1
molecules1,170213_Smp_Pt_C,I217.93R10.87_HILICNeg,#N/A,#N/A,#N/A,#N/A,#N/A,molecules1
molecules1,170213_Smp_Pt_F_rerun,I217.93R10.87_HILICNeg,23.64,25569,0,22448,-0.2,molecules1
molecules1,170213_Blk_MediaBlk_Pc55x,I225.1607R2.2_HILICNeg,2.66,40906,0,25491,2.2,molecules1
molecules1,161107_Blk_MediaBlk_DiatomZ,I225.1607R2.2_HILICNeg,2.66,79010,0,39165,-0.3,molecules1
molecules1,170410_Smp_KM1513-15m_A,I225.1607R2.2_HILICNeg,2.71,148217,0,51994,-0.6,molecules1
molecules1,180702_Smp_S7E41D30_1,I225.1607R2.2_HILICNeg,2.28,287671,0,104466,1.5,molecules1
molecules1,170213_Smp_Pc55x_A,I225.1607R2.2_HILICNeg,1.75,11068,0,8715,0,molecules1
molecules1,170213_Smp_Pc55x_B,I225.1607R2.2_HILICNeg,16.91,17190,0,11198,3.1,molecules1
molecules1,170213_Smp_Pc55x_C,I225.1607R2.2_HILICNeg,#N/A,#N/A,#N/A,#N/A,#N/A,molecules1
molecules1,170213_Smp_Np_A_rerun,I225.1607R2.2_HILICNeg,5.76,10313,0,9120,-0.1,molecules1
molecules1,170213_Smp_Np_C_rerun,I225.1607R2.2_HILICNeg,#N/A,#N/A,#N/A,#N/A,#N/A,molecules1
molecules1,170213_Smp_Np_F,I225.1607R2.2_HILICNeg,#N/A,#N/A,#N/A,#N/A,#N/A,molecules1
molecules1,170213_Smp_Pt_C,I225.1607R2.2_HILICNeg,0.79,8346,0,6873,0.2,molecules1
molecules1,170213_Smp_Pt_F_rerun,I225.1607R2.2_HILICNeg,#N/A,#N/A,#N/A,#N/A,#N/A,molecules1
molecules1,170213_Blk_MediaBlk_Pc55x,I340.0028R9.93_HILICNeg,0.37,8882,0,6295,-1.4,molecules1
molecules1,161107_Blk_MediaBlk_DiatomZ,I340.0028R9.93_HILICNeg,0.09,2595,0,1976,-5.5,molecules1
molecules1,170410_Smp_KM1513-15m_A,I340.0028R9.93_HILICNeg,10.71,1646374,0,151742,-0.2,molecules1
molecules1,180702_Smp_S7E41D30_1,I340.0028R9.93_HILICNeg,#N/A,#N/A,#N/A,#N/A,#N/A,molecules1
molecules1,170213_Smp_Pc55x_A,I340.0028R9.93_HILICNeg,5.22,19463,0,12949,5.4,molecules1
molecules1,170213_Smp_Pc55x_B,I340.0028R9.93_HILICNeg,5.24,18856,0,13597,5,molecules1
molecules1,170213_Smp_Pc55x_C,I340.0028R9.93_HILICNeg,22.16,60302,0,61300,-3,molecules1
molecules1,170213_Smp_Np_A_rerun,I340.0028R9.93_HILICNeg,0.08,6815,0,5549,-3.5,molecules1
molecules1,170213_Smp_Np_C_rerun,I340.0028R9.93_HILICNeg,7.86,21984,0,18656,5.4,molecules1
molecules1,170213_Smp_Np_F,I340.0028R9.93_HILICNeg,12.75,21008,0,18223,2.3,molecules1
molecules1,170213_Smp_Pt_C,I340.0028R9.93_HILICNeg,#N/A,#N/A,#N/A,#N/A,#N/A,molecules1
molecules1,170213_Smp_Pt_F_rerun,I340.0028R9.93_HILICNeg,0.11,33319,0,12779,-4.1,molecules1
molecules1,170213_Blk_MediaBlk_Pc55x,I148.9235R3.57_HILICNeg,0.18,21977,0,12290,0.3,molecules1
molecules1,161107_Blk_MediaBlk_DiatomZ,I148.9235R3.57_HILICNeg,#N/A,#N/A,#N/A,#N/A,#N/A,molecules1
molecules1,170410_Smp_KM1513-15m_A,I148.9235R3.57_HILICNeg,#N/A,#N/A,#N/A,#N/A,#N/A,molecules1
molecules1,180702_Smp_S7E41D30_1,I148.9235R3.57_HILICNeg,#N/A,#N/A,#N/A,#N/A,#N/A,molecules1
molecules1,170213_Smp_Pc55x_A,I148.9235R3.57_HILICNeg,3.47,725674,0,56725,0.8,molecules1
molecules1,170213_Smp_Pc55x_B,I148.9235R3.57_HILICNeg,3.44,159114,0,33888,0.7,molecules1
molecules1,170213_Smp_Pc55x_C,I148.9235R3.57_HILICNeg,3.55,304878,28412,51254,0.9,molecules1
molecules1,170213_Smp_Np_A_rerun,I148.9235R3.57_HILICNeg,0.12,50639,0,24894,0.4,molecules1
molecules1,170213_Smp_Np_C_rerun,I148.9235R3.57_HILICNeg,0.32,17401,0,17628,0,molecules1
molecules1,170213_Smp_Np_F,I148.9235R3.57_HILICNeg,2.46,58640,0,19755,0.6,molecules1
molecules1,170213_Smp_Pt_C,I148.9235R3.57_HILICNeg,0.12,66341,0,35126,0.9,molecules1
molecules1,170213_Smp_Pt_F_rerun,I148.9235R3.57_HILICNeg,15.83,20729,0,19447,-1.7,molecules1
molecules1,170213_Blk_MediaBlk_Pc55x,I219.9271R10.87_HILICNeg,#N/A,#N/A,#N/A,#N/A,#N/A,molecules1
molecules1,161107_Blk_MediaBlk_DiatomZ,I219.9271R10.87_HILICNeg,#N/A,#N/A,#N/A,#N/A,#N/A,molecules1
molecules1,170410_Smp_KM1513-15m_A,I219.9271R10.87_HILICNeg,11.08,597638,0,113606,-1,molecules1
molecules1,180702_Smp_S7E41D30_1,I219.9271R10.87_HILICNeg,#N/A,#N/A,#N/A,#N/A,#N/A,molecules1
molecules1,170213_Smp_Pc55x_A,I219.9271R10.87_HILICNeg,#N/A,#N/A,#N/A,#N/A,#N/A,molecules1
molecules1,170213_Smp_Pc55x_B,I219.9271R10.87_HILICNeg,#N/A,#N/A,#N/A,#N/A,#N/A,molecules1
molecules1,170213_Smp_Pc55x_C,I219.9271R10.87_HILICNeg,#N/A,#N/A,#N/A,#N/A,#N/A,molecules1
molecules1,170213_Smp_Np_A_rerun,I219.9271R10.87_HILICNeg,#N/A,#N/A,#N/A,#N/A,#N/A,molecules1
molecules1,170213_Smp_Np_C_rerun,I219.9271R10.87_HILICNeg,#N/A,#N/A,#N/A,#N/A,#N/A,molecules1
molecules1,170213_Smp_Np_F,I219.9271R10.87_HILICNeg,#N/A,#N/A,#N/A,#N/A,#N/A,molecules1
molecules1,170213_Smp_Pt_C,I219.9271R10.87_HILICNeg,#N/A,#N/A,#N/A,#N/A,#N/A,molecules1
molecules1,170213_Smp_Pt_F_rerun,I219.9271R10.87_HILICNeg,18.05,18954,0,18868,-0.3,molecules1
molecules1,170213_Blk_MediaBlk_Pc55x,I606.0756R12.98_HILICNeg,12.69,0,0,0,#N/A,molecules1
molecules1,161107_Blk_MediaBlk_DiatomZ,I606.0756R12.98_HILICNeg,12.79,0,0,0,#N/A,molecules1
molecules1,170410_Smp_KM1513-15m_A,I606.0756R12.98_HILICNeg,12.89,4176948,0,497758,-0.4,molecules1
molecules1,180702_Smp_S7E41D30_1,I606.0756R12.98_HILICNeg,13.33,3024750,0,396509,-0.2,molecules1
molecules1,170213_Smp_Pc55x_A,I606.0756R12.98_HILICNeg,12.66,4189976,0,438800,1.3,molecules1
molecules1,170213_Smp_Pc55x_B,I606.0756R12.98_HILICNeg,12.69,4796699,0,480338,1,molecules1
molecules1,170213_Smp_Pc55x_C,I606.0756R12.98_HILICNeg,12.66,3199521,0,336364,1.4,molecules1
molecules1,170213_Smp_Np_A_rerun,I606.0756R12.98_HILICNeg,12.69,7217035,0,729013,1.2,molecules1
molecules1,170213_Smp_Np_C_rerun,I606.0756R12.98_HILICNeg,12.7,9757925,0,1081510,1.2,molecules1
molecules1,170213_Smp_Np_F,I606.0756R12.98_HILICNeg,12.68,8788576,0,832759,1.1,molecules1
molecules1,170213_Smp_Pt_C,I606.0756R12.98_HILICNeg,12.72,1522402,0,164490,2.1,molecules1
molecules1,170213_Smp_Pt_F_rerun,I606.0756R12.98_HILICNeg,12.76,4510077,0,447402,1.1,molecules1
molecules1,170213_Blk_MediaBlk_Pc55x,I277.9097R1.79_HILICNeg,24.52,22641,0,22450,-8.6,molecules1
molecules1,161107_Blk_MediaBlk_DiatomZ,I277.9097R1.79_HILICNeg,#N/A,#N/A,#N/A,#N/A,#N/A,molecules1
molecules1,170410_Smp_KM1513-15m_A,I277.9097R1.79_HILICNeg,1.82,104631,0,46470,0.6,molecules1
molecules1,180702_Smp_S7E41D30_1,I277.9097R1.79_HILICNeg,#N/A,#N/A,#N/A,#N/A,#N/A,molecules1
molecules1,170213_Smp_Pc55x_A,I277.9097R1.79_HILICNeg,23.9,23149,0,16576,-3.2,molecules1
molecules1,170213_Smp_Pc55x_B,I277.9097R1.79_HILICNeg,#N/A,#N/A,#N/A,#N/A,#N/A,molecules1
molecules1,170213_Smp_Pc55x_C,I277.9097R1.79_HILICNeg,23.91,23779,0,23223,-0.9,molecules1
molecules1,170213_Smp_Np_A_rerun,I277.9097R1.79_HILICNeg,20.86,31574,0,28515,-0.8,molecules1
molecules1,170213_Smp_Np_C_rerun,I277.9097R1.79_HILICNeg,#N/A,#N/A,#N/A,#N/A,#N/A,molecules1
molecules1,170213_Smp_Np_F,I277.9097R1.79_HILICNeg,#N/A,#N/A,#N/A,#N/A,#N/A,molecules1
molecules1,170213_Smp_Pt_C,I277.9097R1.79_HILICNeg,8.23,19955,0,17918,-0.9,molecules1
molecules1,170213_Smp_Pt_F_rerun,I277.9097R1.79_HILICNeg,5.46,9986,0,8658,-2.6,molecules1
molecules1,170213_Blk_MediaBlk_Pc55x,I276.9109R1.79_HILICNeg,#N/A,#N/A,#N/A,#N/A,#N/A,molecules1
molecules1,161107_Blk_MediaBlk_DiatomZ,I276.9109R1.79_HILICNeg,#N/A,#N/A,#N/A,#N/A,#N/A,molecules1
molecules1,170410_Smp_KM1513-15m_A,I276.9109R1.79_HILICNeg,1.85,128511,0,49917,-1.1,molecules1
molecules1,180702_Smp_S7E41D30_1,I276.9109R1.79_HILICNeg,#N/A,#N/A,#N/A,#N/A,#N/A,molecules1
molecules1,170213_Smp_Pc55x_A,I276.9109R1.79_HILICNeg,24.18,31227,0,25177,-2.7,molecules1
molecules1,170213_Smp_Pc55x_B,I276.9109R1.79_HILICNeg,#N/A,#N/A,#N/A,#N/A,#N/A,molecules1
molecules1,170213_Smp_Pc55x_C,I276.9109R1.79_HILICNeg,23.82,43902,0,22720,-6.9,molecules1
molecules1,170213_Smp_Np_A_rerun,I276.9109R1.79_HILICNeg,#N/A,#N/A,#N/A,#N/A,#N/A,molecules1
molecules1,170213_Smp_Np_C_rerun,I276.9109R1.79_HILICNeg,#N/A,#N/A,#N/A,#N/A,#N/A,molecules1
molecules1,170213_Smp_Np_F,I276.9109R1.79_HILICNeg,#N/A,#N/A,#N/A,#N/A,#N/A,molecules1
molecules1,170213_Smp_Pt_C,I276.9109R1.79_HILICNeg,23.85,26827,0,23926,-1.4,molecules1
molecules1,170213_Smp_Pt_F_rerun,I276.9109R1.79_HILICNeg,#N/A,#N/A,#N/A,#N/A,#N/A,molecules1
molecules1,170213_Blk_MediaBlk_Pc55x,I261.9827R12.12_HILICNeg,7.72,96475,0,22318,4.1,molecules1
molecules1,161107_Blk_MediaBlk_DiatomZ,I261.9827R12.12_HILICNeg,0.06,231339,0,83172,6.3,molecules1
molecules1,170410_Smp_KM1513-15m_A,I261.9827R12.12_HILICNeg,12.29,211280,0,34346,-0.3,molecules1
molecules1,180702_Smp_S7E41D30_1,I261.9827R12.12_HILICNeg,#N/A,#N/A,#N/A,#N/A,#N/A,molecules1
molecules1,170213_Smp_Pc55x_A,I261.9827R12.12_HILICNeg,7.73,87790,0,25080,3,molecules1
molecules1,170213_Smp_Pc55x_B,I261.9827R12.12_HILICNeg,7.75,320476,0,32327,3.9,molecules1
molecules1,170213_Smp_Pc55x_C,I261.9827R12.12_HILICNeg,7.56,147116,0,43613,5.2,molecules1
molecules1,170213_Smp_Np_A_rerun,I261.9827R12.12_HILICNeg,7.69,163608,0,38900,4.4,molecules1
molecules1,170213_Smp_Np_C_rerun,I261.9827R12.12_HILICNeg,7.92,455897,0,70111,4.3,molecules1
molecules1,170213_Smp_Np_F,I261.9827R12.12_HILICNeg,7.5,103569,0,22367,2.7,molecules1
molecules1,170213_Smp_Pt_C,I261.9827R12.12_HILICNeg,7.69,235282,0,66536,4.2,molecules1
molecules1,170213_Smp_Pt_F_rerun,I261.9827R12.12_HILICNeg,7.66,370394,0,40687,3.9,molecules1
molecules1,170213_Blk_MediaBlk_Pc55x,I325.0188R11.15_HILICNeg,#N/A,#N/A,#N/A,#N/A,#N/A,molecules1
molecules1,161107_Blk_MediaBlk_DiatomZ,I325.0188R11.15_HILICNeg,#N/A,#N/A,#N/A,#N/A,#N/A,molecules1
molecules1,170410_Smp_KM1513-15m_A,I325.0188R11.15_HILICNeg,11.3,5349440,0,573478,-0.5,molecules1
molecules1,180702_Smp_S7E41D30_1,I325.0188R11.15_HILICNeg,#N/A,#N/A,#N/A,#N/A,#N/A,molecules1
molecules1,170213_Smp_Pc55x_A,I325.0188R11.15_HILICNeg,16.27,47007,0,14101,0,molecules1
molecules1,170213_Smp_Pc55x_B,I325.0188R11.15_HILICNeg,16.3,25745,0,24874,-1.3,molecules1
molecules1,170213_Smp_Pc55x_C,I325.0188R11.15_HILICNeg,#N/A,#N/A,#N/A,#N/A,#N/A,molecules1
molecules1,170213_Smp_Np_A_rerun,I325.0188R11.15_HILICNeg,10.23,25135,0,24574,0,molecules1
molecules1,170213_Smp_Np_C_rerun,I325.0188R11.15_HILICNeg,#N/A,#N/A,#N/A,#N/A,#N/A,molecules1
molecules1,170213_Smp_Np_F,I325.0188R11.15_HILICNeg,1.9,25921,0,23767,11.8,molecules1
molecules1,170213_Smp_Pt_C,I325.0188R11.15_HILICNeg,#N/A,#N/A,#N/A,#N/A,#N/A,molecules1
molecules1,170213_Smp_Pt_F_rerun,I325.0188R11.15_HILICNeg,1.5,11145,0,10035,-1.7,molecules1
molecules1,170213_Blk_MediaBlk_Pc55x,I221.022R10.39_HILICNeg,10.82,0,0,0,#N/A,molecules1
molecules1,161107_Blk_MediaBlk_DiatomZ,I221.022R10.39_HILICNeg,10.38,0,0,0,#N/A,molecules1
molecules1,170410_Smp_KM1513-15m_A,I221.022R10.39_HILICNeg,10.89,2052686,0,156604,-0.1,molecules1
molecules1,180702_Smp_S7E41D30_1,I221.022R10.39_HILICNeg,10.77,2513833,0,116550,1.4,molecules1
molecules1,170213_Smp_Pc55x_A,I221.022R10.39_HILICNeg,10.69,563643,0,107407,0.4,molecules1
molecules1,170213_Smp_Pc55x_B,I221.022R10.39_HILICNeg,10.77,686218,0,105026,0.8,molecules1
molecules1,170213_Smp_Pc55x_C,I221.022R10.39_HILICNeg,10.74,325031,0,49514,0.9,molecules1
molecules1,170213_Smp_Np_A_rerun,I221.022R10.39_HILICNeg,14.04,128018,0,110145,1.5,molecules1
molecules1,170213_Smp_Np_C_rerun,I221.022R10.39_HILICNeg,14.27,47358,0,38264,7.8,molecules1
molecules1,170213_Smp_Np_F,I221.022R10.39_HILICNeg,13.99,182484,0,97931,6,molecules1
molecules1,170213_Smp_Pt_C,I221.022R10.39_HILICNeg,13.99,62856,0,39458,3,molecules1
molecules1,170213_Smp_Pt_F_rerun,I221.022R10.39_HILICNeg,14.11,135367,0,145623,0.1,molecules1
molecules1,170213_Blk_MediaBlk_Pc55x,I386.0341R16.12_HILICNeg,14.16,0,0,0,#N/A,molecules1
molecules1,161107_Blk_MediaBlk_DiatomZ,I386.0341R16.12_HILICNeg,14.96,0,0,0,#N/A,molecules1
molecules1,170410_Smp_KM1513-15m_A,I386.0341R16.12_HILICNeg,15.51,1864440,0,210807,-0.6,molecules1
molecules1,180702_Smp_S7E41D30_1,I386.0341R16.12_HILICNeg,16.46,763970,0,115093,0.3,molecules1
molecules1,170213_Smp_Pc55x_A,I386.0341R16.12_HILICNeg,15.23,1032643,0,132219,0.9,molecules1
molecules1,170213_Smp_Pc55x_B,I386.0341R16.12_HILICNeg,15.2,1148786,0,170254,1.3,molecules1
molecules1,170213_Smp_Pc55x_C,I386.0341R16.12_HILICNeg,15.22,774699,0,123024,1.5,molecules1
molecules1,170213_Smp_Np_A_rerun,I386.0341R16.12_HILICNeg,15.22,1316756,0,171451,1.2,molecules1
molecules1,170213_Smp_Np_C_rerun,I386.0341R16.12_HILICNeg,15.22,5315007,0,560066,1,molecules1
molecules1,170213_Smp_Np_F,I386.0341R16.12_HILICNeg,15.17,1302511,0,184890,0.7,molecules1
molecules1,170213_Smp_Pt_C,I386.0341R16.12_HILICNeg,15.27,101418,0,37084,0.9,molecules1
molecules1,170213_Smp_Pt_F_rerun,I386.0341R16.12_HILICNeg,15.25,2263781,0,262116,0.7,molecules1
molecules1,170213_Blk_MediaBlk_Pc55x,I316.0457R12.61_HILICNeg,6.8,19081,0,8441,-4.9,molecules1
molecules1,161107_Blk_MediaBlk_DiatomZ,I316.0457R12.61_HILICNeg,13.7,44517,0,24644,-3.9,molecules1
molecules1,170410_Smp_KM1513-15m_A,I316.0457R12.61_HILICNeg,12.71,1981092,0,310833,-0.3,molecules1
molecules1,180702_Smp_S7E41D30_1,I316.0457R12.61_HILICNeg,#N/A,#N/A,#N/A,#N/A,#N/A,molecules1
molecules1,170213_Smp_Pc55x_A,I316.0457R12.61_HILICNeg,23.03,25407,0,26840,-1.9,molecules1
molecules1,170213_Smp_Pc55x_B,I316.0457R12.61_HILICNeg,11.95,58794,0,33014,-8.5,molecules1
molecules1,170213_Smp_Pc55x_C,I316.0457R12.61_HILICNeg,11.99,32172,0,24164,-3.4,molecules1
molecules1,170213_Smp_Np_A_rerun,I316.0457R12.61_HILICNeg,2.48,75075,0,22274,-5.6,molecules1
molecules1,170213_Smp_Np_C_rerun,I316.0457R12.61_HILICNeg,0.23,18424,0,16051,0.1,molecules1
molecules1,170213_Smp_Np_F,I316.0457R12.61_HILICNeg,8.4,40307,0,21078,8.3,molecules1
molecules1,170213_Smp_Pt_C,I316.0457R12.61_HILICNeg,2.46,707798,0,115152,-5.8,molecules1
molecules1,170213_Smp_Pt_F_rerun,I316.0457R12.61_HILICNeg,2.49,5229149,0,773963,-5.8,molecules1
molecules1,170213_Blk_MediaBlk_Pc55x,I275.9414R1.7_HILICNeg,#N/A,#N/A,#N/A,#N/A,#N/A,molecules1
molecules1,161107_Blk_MediaBlk_DiatomZ,I275.9414R1.7_HILICNeg,#N/A,#N/A,#N/A,#N/A,#N/A,molecules1
molecules1,170410_Smp_KM1513-15m_A,I275.9414R1.7_HILICNeg,#N/A,#N/A,#N/A,#N/A,#N/A,molecules1
molecules1,180702_Smp_S7E41D30_1,I275.9414R1.7_HILICNeg,#N/A,#N/A,#N/A,#N/A,#N/A,molecules1
molecules1,170213_Smp_Pc55x_A,I275.9414R1.7_HILICNeg,#N/A,#N/A,#N/A,#N/A,#N/A,molecules1
molecules1,170213_Smp_Pc55x_B,I275.9414R1.7_HILICNeg,#N/A,#N/A,#N/A,#N/A,#N/A,molecules1
molecules1,170213_Smp_Pc55x_C,I275.9414R1.7_HILICNeg,#N/A,#N/A,#N/A,#N/A,#N/A,molecules1
molecules1,170213_Smp_Np_A_rerun,I275.9414R1.7_HILICNeg,8.77,26322,0,23942,1.2,molecules1
molecules1,170213_Smp_Np_C_rerun,I275.9414R1.7_HILICNeg,#N/A,#N/A,#N/A,#N/A,#N/A,molecules1
molecules1,170213_Smp_Np_F,I275.9414R1.7_HILICNeg,8.77,17628,0,14161,3.2,molecules1
molecules1,170213_Smp_Pt_C,I275.9414R1.7_HILICNeg,#N/A,#N/A,#N/A,#N/A,#N/A,molecules1
molecules1,170213_Smp_Pt_F_rerun,I275.9414R1.7_HILICNeg,#N/A,#N/A,#N/A,#N/A,#N/A,molecules1
molecules1,170213_Blk_MediaBlk_Pc55x,I429.1257R12.32_HILICNeg,23.82,86754,0,33925,8.6,molecules1
molecules1,161107_Blk_MediaBlk_DiatomZ,I429.1257R12.32_HILICNeg,21.88,126148,0,44316,4.8,molecules1
molecules1,170410_Smp_KM1513-15m_A,I429.1257R12.32_HILICNeg,12.57,14342213,0,1648099,-0.6,molecules1
molecules1,180702_Smp_S7E41D30_1,I429.1257R12.32_HILICNeg,#N/A,#N/A,#N/A,#N/A,#N/A,molecules1
molecules1,170213_Smp_Pc55x_A,I429.1257R12.32_HILICNeg,24.86,62693,0,35096,4.8,molecules1
molecules1,170213_Smp_Pc55x_B,I429.1257R12.32_HILICNeg,2.48,65052,0,17374,6.2,molecules1
molecules1,170213_Smp_Pc55x_C,I429.1257R12.32_HILICNeg,24.55,38725,0,21548,4,molecules1
molecules1,170213_Smp_Np_A_rerun,I429.1257R12.32_HILICNeg,20.15,79677,0,40147,7,molecules1
molecules1,170213_Smp_Np_C_rerun,I429.1257R12.32_HILICNeg,24.86,38827,0,34207,1.8,molecules1
molecules1,170213_Smp_Np_F,I429.1257R12.32_HILICNeg,10.94,281982,0,56458,11.2,molecules1
molecules1,170213_Smp_Pt_C,I429.1257R12.32_HILICNeg,11.19,844143,0,123905,-11.4,molecules1
molecules1,170213_Smp_Pt_F_rerun,I429.1257R12.32_HILICNeg,11.2,1411216,0,222061,-11.6,molecules1
molecules1,170213_Blk_MediaBlk_Pc55x,I533.0521R2.2_HILICNeg,#N/A,#N/A,#N/A,#N/A,#N/A,molecules1
molecules1,161107_Blk_MediaBlk_DiatomZ,I533.0521R2.2_HILICNeg,#N/A,#N/A,#N/A,#N/A,#N/A,molecules1
molecules1,170410_Smp_KM1513-15m_A,I533.0521R2.2_HILICNeg,2.62,1860604,0,334096,-0.9,molecules1
molecules1,180702_Smp_S7E41D30_1,I533.0521R2.2_HILICNeg,#N/A,#N/A,#N/A,#N/A,#N/A,molecules1
molecules1,170213_Smp_Pc55x_A,I533.0521R2.2_HILICNeg,21.68,34005,0,30535,9,molecules1
molecules1,170213_Smp_Pc55x_B,I533.0521R2.2_HILICNeg,#N/A,#N/A,#N/A,#N/A,#N/A,molecules1
molecules1,170213_Smp_Pc55x_C,I533.0521R2.2_HILICNeg,#N/A,#N/A,#N/A,#N/A,#N/A,molecules1
molecules1,170213_Smp_Np_A_rerun,I533.0521R2.2_HILICNeg,#N/A,#N/A,#N/A,#N/A,#N/A,molecules1
molecules1,170213_Smp_Np_C_rerun,I533.0521R2.2_HILICNeg,#N/A,#N/A,#N/A,#N/A,#N/A,molecules1
molecules1,170213_Smp_Np_F,I533.0521R2.2_HILICNeg,#N/A,#N/A,#N/A,#N/A,#N/A,molecules1
molecules1,170213_Smp_Pt_C,I533.0521R2.2_HILICNeg,12.37,157615,0,58141,14.4,molecules1
molecules1,170213_Smp_Pt_F_rerun,I533.0521R2.2_HILICNeg,12.39,207843,0,42469,11.8,molecules1
molecules1,170213_Blk_MediaBlk_Pc55x,I401.241R2.14_HILICNeg,2.63,21198,0,18034,-0.2,molecules1
molecules1,161107_Blk_MediaBlk_DiatomZ,I401.241R2.14_HILICNeg,1.94,257382,0,113229,-13.6,molecules1
molecules1,170410_Smp_KM1513-15m_A,I401.241R2.14_HILICNeg,2.57,2203966,0,169475,-0.2,molecules1
molecules1,180702_Smp_S7E41D30_1,I401.241R2.14_HILICNeg,2.25,701586,0,148994,0.5,molecules1
molecules1,170213_Smp_Pc55x_A,I401.241R2.14_HILICNeg,1.95,56953,0,40847,-3.4,molecules1
molecules1,170213_Smp_Pc55x_B,I401.241R2.14_HILICNeg,1.98,136622,0,50871,-10.9,molecules1
molecules1,170213_Smp_Pc55x_C,I401.241R2.14_HILICNeg,1.94,409280,0,76550,-11.2,molecules1
molecules1,170213_Smp_Np_A_rerun,I401.241R2.14_HILICNeg,2.63,354035,0,75939,1.2,molecules1
molecules1,170213_Smp_Np_C_rerun,I401.241R2.14_HILICNeg,2.65,395930,0,109214,1.2,molecules1
molecules1,170213_Smp_Np_F,I401.241R2.14_HILICNeg,2.65,341609,0,65645,1.6,molecules1
molecules1,170213_Smp_Pt_C,I401.241R2.14_HILICNeg,2.6,314269,0,78711,1.4,molecules1
molecules1,170213_Smp_Pt_F_rerun,I401.241R2.14_HILICNeg,2.63,327103,0,99479,0.6,molecules1
molecules1,170213_Blk_MediaBlk_Pc55x,I479.7914R1.79_HILICNeg,#N/A,#N/A,#N/A,#N/A,#N/A,molecules1
molecules1,161107_Blk_MediaBlk_DiatomZ,I479.7914R1.79_HILICNeg,#N/A,#N/A,#N/A,#N/A,#N/A,molecules1
molecules1,170410_Smp_KM1513-15m_A,I479.7914R1.79_HILICNeg,1.88,10302772,0,1669932,-0.5,molecules1
molecules1,180702_Smp_S7E41D30_1,I479.7914R1.79_HILICNeg,1.84,1400819,0,280794,0.2,molecules1
molecules1,170213_Smp_Pc55x_A,I479.7914R1.79_HILICNeg,22.69,32972,0,31621,-1.6,molecules1
molecules1,170213_Smp_Pc55x_B,I479.7914R1.79_HILICNeg,22.6,347828,0,70562,0.1,molecules1
molecules1,170213_Smp_Pc55x_C,I479.7914R1.79_HILICNeg,#N/A,#N/A,#N/A,#N/A,#N/A,molecules1
molecules1,170213_Smp_Np_A_rerun,I479.7914R1.79_HILICNeg,22.57,148174,0,77787,-0.5,molecules1
molecules1,170213_Smp_Np_C_rerun,I479.7914R1.79_HILICNeg,22.46,220260,0,86919,-0.4,molecules1
molecules1,170213_Smp_Np_F,I479.7914R1.79_HILICNeg,22.64,483432,0,150163,1.1,molecules1
molecules1,170213_Smp_Pt_C,I479.7914R1.79_HILICNeg,22.52,1716150,0,319264,1.3,molecules1
molecules1,170213_Smp_Pt_F_rerun,I479.7914R1.79_HILICNeg,22.28,704201,0,196799,0.7,molecules1
molecules1,170213_Blk_MediaBlk_Pc55x,I244.0495R6.68_HILICNeg,23.08,810244,136753,73574,-5.1,molecules1
molecules1,161107_Blk_MediaBlk_DiatomZ,I244.0495R6.68_HILICNeg,18.1,1501147,0,159310,-6.7,molecules1
molecules1,170410_Smp_KM1513-15m_A,I244.0495R6.68_HILICNeg,#N/A,#N/A,#N/A,#N/A,#N/A,molecules1
molecules1,180702_Smp_S7E41D30_1,I244.0495R6.68_HILICNeg,6.87,71182,0,66686,0.8,molecules1
molecules1,170213_Smp_Pc55x_A,I244.0495R6.68_HILICNeg,14.74,4359653,0,405486,-11,molecules1
molecules1,170213_Smp_Pc55x_B,I244.0495R6.68_HILICNeg,14.77,7083686,0,725625,-10.9,molecules1
molecules1,170213_Smp_Pc55x_C,I244.0495R6.68_HILICNeg,14.75,2078371,0,232023,-9.1,molecules1
molecules1,170213_Smp_Np_A_rerun,I244.0495R6.68_HILICNeg,20.72,873452,0,84504,-4.9,molecules1
molecules1,170213_Smp_Np_C_rerun,I244.0495R6.68_HILICNeg,22.86,819801,0,142147,-6.1,molecules1
molecules1,170213_Smp_Np_F,I244.0495R6.68_HILICNeg,23.51,938645,0,81105,-5.4,molecules1
molecules1,170213_Smp_Pt_C,I244.0495R6.68_HILICNeg,20.72,806716,0,51447,-4.8,molecules1
molecules1,170213_Smp_Pt_F_rerun,I244.0495R6.68_HILICNeg,23.07,759531,0,100452,-5.7,molecules1
molecules1,170213_Blk_MediaBlk_Pc55x,I253.9168R1.77_HILICNeg,#N/A,#N/A,#N/A,#N/A,#N/A,molecules1
molecules1,161107_Blk_MediaBlk_DiatomZ,I253.9168R1.77_HILICNeg,#N/A,#N/A,#N/A,#N/A,#N/A,molecules1
molecules1,170410_Smp_KM1513-15m_A,I253.9168R1.77_HILICNeg,#N/A,#N/A,#N/A,#N/A,#N/A,molecules1
molecules1,180702_Smp_S7E41D30_1,I253.9168R1.77_HILICNeg,#N/A,#N/A,#N/A,#N/A,#N/A,molecules1
molecules1,170213_Smp_Pc55x_A,I253.9168R1.77_HILICNeg,6.91,25304,0,16853,-5.9,molecules1
molecules1,170213_Smp_Pc55x_B,I253.9168R1.77_HILICNeg,#N/A,#N/A,#N/A,#N/A,#N/A,molecules1
molecules1,170213_Smp_Pc55x_C,I253.9168R1.77_HILICNeg,#N/A,#N/A,#N/A,#N/A,#N/A,molecules1
molecules1,170213_Smp_Np_A_rerun,I253.9168R1.77_HILICNeg,#N/A,#N/A,#N/A,#N/A,#N/A,molecules1
molecules1,170213_Smp_Np_C_rerun,I253.9168R1.77_HILICNeg,#N/A,#N/A,#N/A,#N/A,#N/A,molecules1
molecules1,170213_Smp_Np_F,I253.9168R1.77_HILICNeg,#N/A,#N/A,#N/A,#N/A,#N/A,molecules1
molecules1,170213_Smp_Pt_C,I253.9168R1.77_HILICNeg,#N/A,#N/A,#N/A,#N/A,#N/A,molecules1
molecules1,170213_Smp_Pt_F_rerun,I253.9168R1.77_HILICNeg,#N/A,#N/A,#N/A,#N/A,#N/A,molecules1
molecules1,170213_Blk_MediaBlk_Pc55x,I239.002R2.89_HILICNeg,#N/A,#N/A,#N/A,#N/A,#N/A,molecules1
molecules1,161107_Blk_MediaBlk_DiatomZ,I239.002R2.89_HILICNeg,#N/A,#N/A,#N/A,#N/A,#N/A,molecules1
molecules1,170410_Smp_KM1513-15m_A,I239.002R2.89_HILICNeg,2.62,2542425,0,439272,-0.7,molecules1
molecules1,180702_Smp_S7E41D30_1,I239.002R2.89_HILICNeg,#N/A,#N/A,#N/A,#N/A,#N/A,molecules1
molecules1,170213_Smp_Pc55x_A,I239.002R2.89_HILICNeg,9.98,283475,0,97229,7.4,molecules1
molecules1,170213_Smp_Pc55x_B,I239.002R2.89_HILICNeg,9.96,213695,0,83767,6.9,molecules1
molecules1,170213_Smp_Pc55x_C,I239.002R2.89_HILICNeg,9.96,153476,0,70540,6.9,molecules1
molecules1,170213_Smp_Np_A_rerun,I239.002R2.89_HILICNeg,#N/A,#N/A,#N/A,#N/A,#N/A,molecules1
molecules1,170213_Smp_Np_C_rerun,I239.002R2.89_HILICNeg,#N/A,#N/A,#N/A,#N/A,#N/A,molecules1
molecules1,170213_Smp_Np_F,I239.002R2.89_HILICNeg,#N/A,#N/A,#N/A,#N/A,#N/A,molecules1
molecules1,170213_Smp_Pt_C,I239.002R2.89_HILICNeg,#N/A,#N/A,#N/A,#N/A,#N/A,molecules1
molecules1,170213_Smp_Pt_F_rerun,I239.002R2.89_HILICNeg,#N/A,#N/A,#N/A,#N/A,#N/A,molecules1
molecules1,170213_Blk_MediaBlk_Pc55x,I387.2256R2.2_HILICNeg,2.63,24121,0,20520,-12.8,molecules1
molecules1,161107_Blk_MediaBlk_DiatomZ,I387.2256R2.2_HILICNeg,#N/A,#N/A,#N/A,#N/A,#N/A,molecules1
molecules1,170410_Smp_KM1513-15m_A,I387.2256R2.2_HILICNeg,2.67,1578736,0,260184,1.1,molecules1
molecules1,180702_Smp_S7E41D30_1,I387.2256R2.2_HILICNeg,2.31,507995,0,216227,1,molecules1
molecules1,170213_Smp_Pc55x_A,I387.2256R2.2_HILICNeg,#N/A,#N/A,#N/A,#N/A,#N/A,molecules1
molecules1,170213_Smp_Pc55x_B,I387.2256R2.2_HILICNeg,1.94,59345,0,33200,-8.2,molecules1
molecules1,170213_Smp_Pc55x_C,I387.2256R2.2_HILICNeg,2.69,31659,0,21319,-5.7,molecules1
molecules1,170213_Smp_Np_A_rerun,I387.2256R2.2_HILICNeg,2.68,69525,0,48882,1.1,molecules1
molecules1,170213_Smp_Np_C_rerun,I387.2256R2.2_HILICNeg,2.66,52116,0,36312,3.9,molecules1
molecules1,170213_Smp_Np_F,I387.2256R2.2_HILICNeg,2.65,251882,0,90609,1.1,molecules1
molecules1,170213_Smp_Pt_C,I387.2256R2.2_HILICNeg,2.65,161018,0,75497,1.7,molecules1
molecules1,170213_Smp_Pt_F_rerun,I387.2256R2.2_HILICNeg,2.65,188534,0,110504,3.3,molecules1
molecules1,170213_Blk_MediaBlk_Pc55x,I232.0231R10.77_HILICNeg,1.49,7750,0,4208,4.1,molecules1
molecules1,161107_Blk_MediaBlk_DiatomZ,I232.0231R10.77_HILICNeg,#N/A,#N/A,#N/A,#N/A,#N/A,molecules1
molecules1,170410_Smp_KM1513-15m_A,I232.0231R10.77_HILICNeg,10.97,388079,0,208747,-0.5,molecules1
molecules1,180702_Smp_S7E41D30_1,I232.0231R10.77_HILICNeg,#N/A,#N/A,#N/A,#N/A,#N/A,molecules1
molecules1,170213_Smp_Pc55x_A,I232.0231R10.77_HILICNeg,#N/A,#N/A,#N/A,#N/A,#N/A,molecules1
molecules1,170213_Smp_Pc55x_B,I232.0231R10.77_HILICNeg,#N/A,#N/A,#N/A,#N/A,#N/A,molecules1
molecules1,170213_Smp_Pc55x_C,I232.0231R10.77_HILICNeg,#N/A,#N/A,#N/A,#N/A,#N/A,molecules1
molecules1,170213_Smp_Np_A_rerun,I232.0231R10.77_HILICNeg,#N/A,#N/A,#N/A,#N/A,#N/A,molecules1
molecules1,170213_Smp_Np_C_rerun,I232.0231R10.77_HILICNeg,#N/A,#N/A,#N/A,#N/A,#N/A,molecules1
molecules1,170213_Smp_Np_F,I232.0231R10.77_HILICNeg,17.79,28028,0,15182,5.4,molecules1
molecules1,170213_Smp_Pt_C,I232.0231R10.77_HILICNeg,5.56,30402,0,16882,0.9,molecules1
molecules1,170213_Smp_Pt_F_rerun,I232.0231R10.77_HILICNeg,5.32,27779,0,14805,9.2,molecules1
molecules1,170213_Blk_MediaBlk_Pc55x,I495.0783R2.22_HILICNeg,#N/A,#N/A,#N/A,#N/A,#N/A,molecules1
molecules1,161107_Blk_MediaBlk_DiatomZ,I495.0783R2.22_HILICNeg,#N/A,#N/A,#N/A,#N/A,#N/A,molecules1
molecules1,170410_Smp_KM1513-15m_A,I495.0783R2.22_HILICNeg,2.6,313676,0,52570,-0.4,molecules1
molecules1,180702_Smp_S7E41D30_1,I495.0783R2.22_HILICNeg,#N/A,#N/A,#N/A,#N/A,#N/A,molecules1
molecules1,170213_Smp_Pc55x_A,I495.0783R2.22_HILICNeg,20.47,24546,0,22518,-2.3,molecules1
molecules1,170213_Smp_Pc55x_B,I495.0783R2.22_HILICNeg,#N/A,#N/A,#N/A,#N/A,#N/A,molecules1
molecules1,170213_Smp_Pc55x_C,I495.0783R2.22_HILICNeg,#N/A,#N/A,#N/A,#N/A,#N/A,molecules1
molecules1,170213_Smp_Np_A_rerun,I495.0783R2.22_HILICNeg,#N/A,#N/A,#N/A,#N/A,#N/A,molecules1
molecules1,170213_Smp_Np_C_rerun,I495.0783R2.22_HILICNeg,10.28,29283,0,17085,-9.2,molecules1
molecules1,170213_Smp_Np_F,I495.0783R2.22_HILICNeg,#N/A,#N/A,#N/A,#N/A,#N/A,molecules1
molecules1,170213_Smp_Pt_C,I495.0783R2.22_HILICNeg,#N/A,#N/A,#N/A,#N/A,#N/A,molecules1
molecules1,170213_Smp_Pt_F_rerun,I495.0783R2.22_HILICNeg,#N/A,#N/A,#N/A,#N/A,#N/A,molecules1
molecules2,170213_Blk_MediaBlk_Pc55x,"Adenosine Monophosphate, 15N5",1.72,5399870,54611,1199012,13.6,molecules2
molecules2,161107_Blk_MediaBlk_DiatomZ,"Adenosine Monophosphate, 15N5",1.7,15040717,0,3059909,11.8,molecules2
molecules2,170410_Smp_KM1513-15m_A,"Adenosine Monophosphate, 15N5",12.23,32934152,92184,1991082,0.9,molecules2
molecules2,180702_Smp_S7E41D30_1,"Adenosine Monophosphate, 15N5",12.29,22305616,0,1879962,1.8,molecules2
molecules2,170213_Smp_Pc55x_A,"Adenosine Monophosphate, 15N5",1.72,7201463,0,1502594,12.8,molecules2
molecules2,170213_Smp_Pc55x_B,"Adenosine Monophosphate, 15N5",1.72,5820292,0,1236732,12.6,molecules2
molecules2,170213_Smp_Pc55x_C,"Adenosine Monophosphate, 15N5",1.72,5652329,0,1138092,12.9,molecules2
molecules2,170213_Smp_Np_A_rerun,"Adenosine Monophosphate, 15N5",1.73,12235529,0,2662784,12.3,molecules2
molecules2,170213_Smp_Np_C_rerun,"Adenosine Monophosphate, 15N5",1.73,15998811,0,3480443,12.4,molecules2
molecules2,170213_Smp_Np_F,"Adenosine Monophosphate, 15N5",1.72,8885994,0,1934011,12.5,molecules2
molecules2,170213_Smp_Pt_C,"Adenosine Monophosphate, 15N5",1.73,9026524,0,1840846,12.6,molecules2
molecules2,170213_Smp_Pt_F_rerun,"Adenosine Monophosphate, 15N5",1.73,16487250,0,3503133,12.5,molecules2
molecules2,170213_Blk_MediaBlk_Pc55x,Amino Propanesulfonic Acid,#N/A,#N/A,#N/A,#N/A,#N/A,molecules2
molecules2,161107_Blk_MediaBlk_DiatomZ,Amino Propanesulfonic Acid,14.4,37208,0,34721,-0.7,molecules2
molecules2,170410_Smp_KM1513-15m_A,Amino Propanesulfonic Acid,8.96,7682454,0,191079,-0.9,molecules2
molecules2,180702_Smp_S7E41D30_1,Amino Propanesulfonic Acid,8.66,26731732,0,1015450,0.9,molecules2
molecules2,170213_Smp_Pc55x_A,Amino Propanesulfonic Acid,0.29,19152,0,17739,-0.5,molecules2
molecules2,170213_Smp_Pc55x_B,Amino Propanesulfonic Acid,21.91,42028,0,26858,-1.5,molecules2
molecules2,170213_Smp_Pc55x_C,Amino Propanesulfonic Acid,21.78,29256,0,22260,-0.6,molecules2
molecules2,170213_Smp_Np_A_rerun,Amino Propanesulfonic Acid,15.81,23343,0,17008,-2.9,molecules2
molecules2,170213_Smp_Np_C_rerun,Amino Propanesulfonic Acid,#N/A,#N/A,#N/A,#N/A,#N/A,molecules2
molecules2,170213_Smp_Np_F,Amino Propanesulfonic Acid,2.4,19741,0,19181,-0.1,molecules2
molecules2,170213_Smp_Pt_C,Amino Propanesulfonic Acid,#N/A,#N/A,#N/A,#N/A,#N/A,molecules2
molecules2,170213_Smp_Pt_F_rerun,Amino Propanesulfonic Acid,7.65,20421,0,21939,-0.1,molecules2
molecules2,170213_Blk_MediaBlk_Pc55x,Cysteic Acid,12.55,30897,0,16659,0.1,molecules2
molecules2,161107_Blk_MediaBlk_DiatomZ,Cysteic Acid,12.82,0,0,0,#N/A,molecules2
molecules2,170410_Smp_KM1513-15m_A,Cysteic Acid,12.78,2007015,0,251717,-1.2,molecules2
molecules2,180702_Smp_S7E41D30_1,Cysteic Acid,11.38,36490,0,21875,-0.8,molecules2
molecules2,170213_Smp_Pc55x_A,Cysteic Acid,12.43,431484,0,65039,0.2,molecules2
molecules2,170213_Smp_Pc55x_B,Cysteic Acid,12.46,531430,0,78597,-0.1,molecules2
molecules2,170213_Smp_Pc55x_C,Cysteic Acid,12.44,334665,0,54071,0.2,molecules2
molecules2,170213_Smp_Np_A_rerun,Cysteic Acid,12.49,372811,0,57401,0.1,molecules2
molecules2,170213_Smp_Np_C_rerun,Cysteic Acid,12.53,298936,0,45877,0.4,molecules2
molecules2,170213_Smp_Np_F,Cysteic Acid,12.44,250908,0,38119,0.5,molecules2
molecules2,170213_Smp_Pt_C,Cysteic Acid,12.48,136265,0,31189,0.4,molecules2
molecules2,170213_Smp_Pt_F_rerun,Cysteic Acid,12.59,260603,0,37889,0.1,molecules2
molecules2,170213_Blk_MediaBlk_Pc55x,Cytidine,8.77,418781,446168,59714,8.8,molecules2
molecules2,161107_Blk_MediaBlk_DiatomZ,Cytidine,8.49,2519718,2292538,163754,8.2,molecules2
molecules2,170410_Smp_KM1513-15m_A,Cytidine,8.52,1451510,1158259,132133,1.1,molecules2
molecules2,180702_Smp_S7E41D30_1,Cytidine,8.22,5993731,0,675133,1,molecules2
molecules2,170213_Smp_Pc55x_A,Cytidine,11.59,40136372,1468077,3484837,8.1,molecules2
molecules2,170213_Smp_Pc55x_B,Cytidine,11.58,37822796,1318867,3252142,8,molecules2
molecules2,170213_Smp_Pc55x_C,Cytidine,11.58,28710210,1514369,2589037,8.3,molecules2
molecules2,170213_Smp_Np_A_rerun,Cytidine,11.58,48013220,782577,4648344,8.2,molecules2
molecules2,170213_Smp_Np_C_rerun,Cytidine,11.56,25369402,468586,2152606,8.3,molecules2
molecules2,170213_Smp_Np_F,Cytidine,11.56,25200336,117167,2143238,8.3,molecules2
molecules2,170213_Smp_Pt_C,Cytidine,8.52,1798296,0,158240,4.1,molecules2
molecules2,170213_Smp_Pt_F_rerun,Cytidine,8.51,1667719,0,149552,4,molecules2
molecules2,170213_Blk_MediaBlk_Pc55x,DHPS,10.75,27124,0,10901,1.7,molecules2
molecules2,161107_Blk_MediaBlk_DiatomZ,DHPS,9.17,0,0,0,#N/A,molecules2
molecules2,170410_Smp_KM1513-15m_A,DHPS,10.27,349106176,0,11026419,-0.3,molecules2
molecules2,180702_Smp_S7E41D30_1,DHPS,10.24,594921920,0,22569890,1.3,molecules2
molecules2,170213_Smp_Pc55x_A,DHPS,8.04,46689740,0,983144,1.5,molecules2
molecules2,170213_Smp_Pc55x_B,DHPS,8.12,54287512,0,1237122,1.4,molecules2
molecules2,170213_Smp_Pc55x_C,DHPS,8.06,35847820,0,762275,1.6,molecules2
molecules2,170213_Smp_Np_A_rerun,DHPS,9.5,6091735552,0,172008240,1.4,molecules2
molecules2,170213_Smp_Np_C_rerun,DHPS,9.5,6243649024,0,184036656,1.2,molecules2
molecules2,170213_Smp_Np_F,DHPS,9.41,5890388992,0,149264768,1.2,molecules2
molecules2,170213_Smp_Pt_C,DHPS,9.45,20641167360,0,413510400,1,molecules2
molecules2,170213_Smp_Pt_F_rerun,DHPS,9.58,25205725184,0,580552576,1,molecules2
molecules2,170213_Blk_MediaBlk_Pc55x,Gluconic Acid,11.7,463141,8752874,43888,5.6,molecules2
molecules2,161107_Blk_MediaBlk_DiatomZ,Gluconic Acid,11.14,3527240,5836375,220586,3.2,molecules2
molecules2,170410_Smp_KM1513-15m_A,Gluconic Acid,11.63,3345541,3745472,373697,-0.4,molecules2
molecules2,180702_Smp_S7E41D30_1,Gluconic Acid,11.75,10766254,666251,1156735,-1.2,molecules2
molecules2,170213_Smp_Pc55x_A,Gluconic Acid,11.27,154649056,85740504,6598659,-1.2,molecules2
molecules2,170213_Smp_Pc55x_B,Gluconic Acid,11.31,232564288,48996504,8791936,-1.2,molecules2
molecules2,170213_Smp_Pc55x_C,Gluconic Acid,11.45,148882624,66449272,5352188,-0.9,molecules2
molecules2,170213_Smp_Np_A_rerun,Gluconic Acid,11.51,13326327,6676332,1168569,-0.1,molecules2
molecules2,170213_Smp_Np_C_rerun,Gluconic Acid,11.49,14323900,5882962,1106262,0,molecules2
molecules2,170213_Smp_Np_F,Gluconic Acid,11.47,7509123,4930102,681852,0.3,molecules2
molecules2,170213_Smp_Pt_C,Gluconic Acid,11.1,7590236,12169282,1046606,-0.6,molecules2
molecules2,170213_Smp_Pt_F_rerun,Gluconic Acid,11.12,18231108,15006290,1678174,-0.9,molecules2
molecules2,170213_Blk_MediaBlk_Pc55x,Guanosine,9.87,76995,0,14681,3.1,molecules2
molecules2,161107_Blk_MediaBlk_DiatomZ,Guanosine,9.96,330966,0,32506,0.6,molecules2
molecules2,170410_Smp_KM1513-15m_A,Guanosine,9.45,8617663,0,646765,0.7,molecules2
molecules2,180702_Smp_S7E41D30_1,Guanosine,9.19,1471082,0,173806,1.9,molecules2
molecules2,170213_Smp_Pc55x_A,Guanosine,9.42,1207335,0,90759,3,molecules2
molecules2,170213_Smp_Pc55x_B,Guanosine,9.47,1608437,0,131853,2.6,molecules2
molecules2,170213_Smp_Pc55x_C,Guanosine,9.5,794971,0,74790,3.1,molecules2
molecules2,170213_Smp_Np_A_rerun,Guanosine,9.47,8874343,77760,672826,2.8,molecules2
molecules2,170213_Smp_Np_C_rerun,Guanosine,9.45,7944408,0,672759,2.8,molecules2
molecules2,170213_Smp_Np_F,Guanosine,9.45,17690314,0,1323952,2.4,molecules2
molecules2,170213_Smp_Pt_C,Guanosine,9.44,4836239,0,380050,2.5,molecules2
molecules2,170213_Smp_Pt_F_rerun,Guanosine,9.44,2620833,0,263887,2.7,molecules2
molecules2,170213_Blk_MediaBlk_Pc55x,Inosine,7.92,12756,0,7773,0.2,molecules2
molecules2,161107_Blk_MediaBlk_DiatomZ,Inosine,7.5,139380,0,37418,3.4,molecules2
molecules2,170410_Smp_KM1513-15m_A,Inosine,7.8,22777682,0,857738,-0.5,molecules2
molecules2,180702_Smp_S7E41D30_1,Inosine,7.93,17810244,0,977874,0.8,molecules2
molecules2,170213_Smp_Pc55x_A,Inosine,8.09,3394045,0,207764,1.5,molecules2
molecules2,170213_Smp_Pc55x_B,Inosine,8.03,3975683,0,237330,1.7,molecules2
molecules2,170213_Smp_Pc55x_C,Inosine,8.04,3455984,0,194761,1.8,molecules2
molecules2,170213_Smp_Np_A_rerun,Inosine,8.06,2514650,0,157441,1.4,molecules2
molecules2,170213_Smp_Np_C_rerun,Inosine,8.09,2173135,0,158700,1.3,molecules2
molecules2,170213_Smp_Np_F,Inosine,8.01,8053352,0,436734,1.3,molecules2
molecules2,170213_Smp_Pt_C,Inosine,8.06,6190423,0,351521,1.3,molecules2
molecules2,170213_Smp_Pt_F_rerun,Inosine,8.09,6544159,0,424871,1.3,molecules2
molecules2,170213_Blk_MediaBlk_Pc55x,Isethionic Acid,6.66,601809,0,40176,1.5,molecules2
molecules2,161107_Blk_MediaBlk_DiatomZ,Isethionic Acid,6.38,17497,0,15948,-1.8,molecules2
molecules2,170410_Smp_KM1513-15m_A,Isethionic Acid,5.98,179456320,0,3878951,-0.9,molecules2
molecules2,180702_Smp_S7E41D30_1,Isethionic Acid,7.69,1083960704,0,35306932,0.8,molecules2
molecules2,170213_Smp_Pc55x_A,Isethionic Acid,6.66,23661205504,46380312,616225984,0.1,molecules2
molecules2,170213_Smp_Pc55x_B,Isethionic Acid,6.83,25455478784,53440708,682728832,0,molecules2
molecules2,170213_Smp_Pc55x_C,Isethionic Acid,6.63,18620790784,1061218,510510688,0.3,molecules2
molecules2,170213_Smp_Np_A_rerun,Isethionic Acid,6.88,617831,0,41379,1.8,molecules2
molecules2,170213_Smp_Np_C_rerun,Isethionic Acid,7.3,408580,0,31277,1.3,molecules2
molecules2,170213_Smp_Np_F,Isethionic Acid,7.04,1299395,0,65427,1.6,molecules2
molecules2,170213_Smp_Pt_C,Isethionic Acid,6.69,1077858,0,50384,1.3,molecules2
molecules2,170213_Smp_Pt_F_rerun,Isethionic Acid,6.88,1209012,0,60227,1.2,molecules2
molecules2,170213_Blk_MediaBlk_Pc55x,L-Pyroglutamic acid ,24.86,23722982,0,699260,2.2,molecules2
molecules2,161107_Blk_MediaBlk_DiatomZ,L-Pyroglutamic acid ,24.86,36140212,0,1249995,0.2,molecules2
molecules2,170410_Smp_KM1513-15m_A,L-Pyroglutamic acid ,6.64,85537032,22866322,3376577,0.1,molecules2
molecules2,180702_Smp_S7E41D30_1,L-Pyroglutamic acid ,7.73,39765296,5599674,3840699,1.9,molecules2
molecules2,170213_Smp_Pc55x_A,L-Pyroglutamic acid ,7.14,20159278,8005851,864599,0.6,molecules2
molecules2,170213_Smp_Pc55x_B,L-Pyroglutamic acid ,7.31,30013572,5446535,1131373,0.7,molecules2
molecules2,170213_Smp_Pc55x_C,L-Pyroglutamic acid ,7.25,20847944,9219375,870622,0.9,molecules2
molecules2,170213_Smp_Np_A_rerun,L-Pyroglutamic acid ,7.27,5859363328,69219496,262777808,1.5,molecules2
molecules2,170213_Smp_Np_C_rerun,L-Pyroglutamic acid ,7.43,5169259008,66582500,252985248,1.4,molecules2
molecules2,170213_Smp_Np_F,L-Pyroglutamic acid ,7.14,6058224640,62630880,252544304,1.4,molecules2
molecules2,170213_Smp_Pt_C,L-Pyroglutamic acid ,7.24,83202584,11681248,3982272,2.1,molecules2
molecules2,170213_Smp_Pt_F_rerun,L-Pyroglutamic acid ,7.31,130543160,17273696,6830189,2,molecules2
molecules2,170213_Blk_MediaBlk_Pc55x,Malic Acid,13.11,13130401,0,607162,0.1,molecules2
molecules2,161107_Blk_MediaBlk_DiatomZ,Malic Acid,13.06,7140059,0,687257,-1.1,molecules2
molecules2,170410_Smp_KM1513-15m_A,Malic Acid,13.39,42734924,4742143,5009040,-1,molecules2
molecules2,180702_Smp_S7E41D30_1,Malic Acid,14.01,176959584,5117733,20322100,0.6,molecules2
molecules2,170213_Smp_Pc55x_A,Malic Acid,13.11,90925224,8288721,8095727,0.4,molecules2
molecules2,170213_Smp_Pc55x_B,Malic Acid,13.1,71021872,7735449,6071343,0.7,molecules2
molecules2,170213_Smp_Pc55x_C,Malic Acid,13.08,67292064,2064604,5166654,0.9,molecules2
molecules2,170213_Smp_Np_A_rerun,Malic Acid,13.06,274172640,11826165,23545428,1,molecules2
molecules2,170213_Smp_Np_C_rerun,Malic Acid,13.08,246951184,16676035,23496052,1.1,molecules2
molecules2,170213_Smp_Np_F,Malic Acid,13.1,221960000,13736162,19912754,0.8,molecules2
molecules2,170213_Smp_Pt_C,Malic Acid,13.13,409081888,22551368,35969584,1,molecules2
molecules2,170213_Smp_Pt_F_rerun,Malic Acid,13.11,414760192,19730076,41847812,0.8,molecules2
molecules2,170213_Blk_MediaBlk_Pc55x,N-acetyltaurine,5.62,0,0,0,#N/A,molecules2
molecules2,161107_Blk_MediaBlk_DiatomZ,N-acetyltaurine,4.31,0,0,0,#N/A,molecules2
molecules2,170410_Smp_KM1513-15m_A,N-acetyltaurine,4.72,1328409,0,48258,-0.2,molecules2
molecules2,180702_Smp_S7E41D30_1,N-acetyltaurine,5.87,2958415,0,157560,1.4,molecules2
molecules2,170213_Smp_Pc55x_A,N-acetyltaurine,5,7851840,0,237334,1.5,molecules2
molecules2,170213_Smp_Pc55x_B,N-acetyltaurine,5.04,8557382,0,251459,1.5,molecules2
molecules2,170213_Smp_Pc55x_C,N-acetyltaurine,5,4974348,0,178954,1.5,molecules2
molecules2,170213_Smp_Np_A_rerun,N-acetyltaurine,5.36,1111013,0,52169,1.7,molecules2
molecules2,170213_Smp_Np_C_rerun,N-acetyltaurine,5.71,121499,0,16144,1.3,molecules2
molecules2,170213_Smp_Np_F,N-acetyltaurine,5.28,765173,0,39316,1.6,molecules2
molecules2,170213_Smp_Pt_C,N-acetyltaurine,5.31,1692741,0,58104,1.7,molecules2
molecules2,170213_Smp_Pt_F_rerun,N-acetyltaurine,5.45,3000376,0,85570,1.3,molecules2
molecules2,170213_Blk_MediaBlk_Pc55x,NAD,#N/A,#N/A,#N/A,#N/A,#N/A,molecules2
molecules2,161107_Blk_MediaBlk_DiatomZ,NAD,12.65,0,0,0,#N/A,molecules2
molecules2,170410_Smp_KM1513-15m_A,NAD,12.21,320364,0,57784,2.3,molecules2
molecules2,180702_Smp_S7E41D30_1,NAD,#N/A,#N/A,#N/A,#N/A,#N/A,molecules2
molecules2,170213_Smp_Pc55x_A,NAD,12.04,82793,0,31483,3.2,molecules2
molecules2,170213_Smp_Pc55x_B,NAD,12.04,304756,0,91707,2.6,molecules2
molecules2,170213_Smp_Pc55x_C,NAD,12.04,87075,0,34326,2,molecules2
molecules2,170213_Smp_Np_A_rerun,NAD,12.01,15893478,0,1258379,3.7,molecules2
molecules2,170213_Smp_Np_C_rerun,NAD,12.04,19640614,0,1671638,3.6,molecules2
molecules2,170213_Smp_Np_F,NAD,12.03,16304704,0,1384613,3.6,molecules2
molecules2,170213_Smp_Pt_C,NAD,12.04,21416202,0,1732254,3.7,molecules2
molecules2,170213_Smp_Pt_F_rerun,NAD,12.09,12401934,0,1037634,3.3,molecules2
molecules2,170213_Blk_MediaBlk_Pc55x,Sucrose,11.85,766693,884060,64972,5.8,molecules2
molecules2,161107_Blk_MediaBlk_DiatomZ,Sucrose,12.03,452244,1099013,79263,6.6,molecules2
molecules2,170410_Smp_KM1513-15m_A,Sucrose,11.96,78596744,1072997,8355727,0.3,molecules2
molecules2,180702_Smp_S7E41D30_1,Sucrose,11.69,517395,0,87963,0.8,molecules2
molecules2,170213_Smp_Pc55x_A,Sucrose,11.95,42870000,0,1218238,2,molecules2
molecules2,170213_Smp_Pc55x_B,Sucrose,11.59,46837252,0,1324534,1.9,molecules2
molecules2,170213_Smp_Pc55x_C,Sucrose,11.72,26172852,11556,739174,2.4,molecules2
molecules2,170213_Smp_Np_A_rerun,Sucrose,11.98,9647589,0,304308,3.7,molecules2
molecules2,170213_Smp_Np_C_rerun,Sucrose,11.9,10879935,0,349672,3.5,molecules2
molecules2,170213_Smp_Np_F,Sucrose,11.7,8876335,0,288049,3.1,molecules2
molecules2,170213_Smp_Pt_C,Sucrose,11.84,18223132,0,537647,2.9,molecules2
molecules2,170213_Smp_Pt_F_rerun,Sucrose,11.89,20496420,169551,644111,2.7,molecules2
molecules2,170213_Blk_MediaBlk_Pc55x,Sulfolactic Acid,14.29,0,0,0,#N/A,molecules2
molecules2,161107_Blk_MediaBlk_DiatomZ,Sulfolactic Acid,13.23,39545,0,27428,-1.5,molecules2
molecules2,170410_Smp_KM1513-15m_A,Sulfolactic Acid,13.83,2274562,0,305886,-4.5,molecules2
molecules2,180702_Smp_S7E41D30_1,Sulfolactic Acid,14.59,954778,0,302400,-2.9,molecules2
molecules2,170213_Smp_Pc55x_A,Sulfolactic Acid,13.61,552066,0,89589,-2.9,molecules2
molecules2,170213_Smp_Pc55x_B,Sulfolactic Acid,13.64,661889,0,111954,-2.8,molecules2
molecules2,170213_Smp_Pc55x_C,Sulfolactic Acid,13.61,60535,0,29460,-1.1,molecules2
molecules2,170213_Smp_Np_A_rerun,Sulfolactic Acid,13.62,28849,0,28621,-0.2,molecules2
molecules2,170213_Smp_Np_C_rerun,Sulfolactic Acid,13.65,92536,0,28596,-0.4,molecules2
molecules2,170213_Smp_Np_F,Sulfolactic Acid,13.64,58160,0,19708,-1.6,molecules2
molecules2,170213_Smp_Pt_C,Sulfolactic Acid,13.64,92974,0,26842,-1,molecules2
molecules2,170213_Smp_Pt_F_rerun,Sulfolactic Acid,13.68,142284,0,38900,-1.7,molecules2
molecules2,170213_Blk_MediaBlk_Pc55x,Thymidine,24.77,17361338,0,741735,7.5,molecules2
molecules2,161107_Blk_MediaBlk_DiatomZ,Thymidine,24.74,28355582,0,1569687,5.4,molecules2
molecules2,170410_Smp_KM1513-15m_A,Thymidine,3.47,5538337,5676498,237290,2.1,molecules2
molecules2,180702_Smp_S7E41D30_1,Thymidine,2.84,2305289,0,172183,0.7,molecules2
molecules2,170213_Smp_Pc55x_A,Thymidine,13.64,20581018,7415560,725623,6.8,molecules2
molecules2,170213_Smp_Pc55x_B,Thymidine,24.52,21893298,0,714158,7,molecules2
molecules2,170213_Smp_Pc55x_C,Thymidine,24.72,36157040,0,671356,7.1,molecules2
molecules2,170213_Smp_Np_A_rerun,Thymidine,2.73,23732340,0,350167,6.9,molecules2
molecules2,170213_Smp_Np_C_rerun,Thymidine,24.71,37987476,0,960960,7,molecules2
molecules2,170213_Smp_Np_F,Thymidine,13.19,27047842,7209686,579933,7.1,molecules2
molecules2,170213_Smp_Pt_C,Thymidine,14.8,21953854,9278381,479491,7.5,molecules2
molecules2,170213_Smp_Pt_F_rerun,Thymidine,24.11,48949916,0,900065,7.1,molecules2
molecules2,170213_Blk_MediaBlk_Pc55x,Trehalose,2.32,5336502,0,706006,13.4,molecules2
molecules2,161107_Blk_MediaBlk_DiatomZ,Trehalose,20.19,1588563,0,154369,7,molecules2
molecules2,170410_Smp_KM1513-15m_A,Trehalose,12.81,19426508,1049263,1925405,1.2,molecules2
molecules2,180702_Smp_S7E41D30_1,Trehalose,12.39,362834,0,61586,0.9,molecules2
molecules2,170213_Smp_Pc55x_A,Trehalose,#N/A,#N/A,#N/A,#N/A,#N/A,molecules2
molecules2,170213_Smp_Pc55x_B,Trehalose,#N/A,#N/A,#N/A,#N/A,#N/A,molecules2
molecules2,170213_Smp_Pc55x_C,Trehalose,#N/A,#N/A,#N/A,#N/A,#N/A,molecules2
molecules2,170213_Smp_Np_A_rerun,Trehalose,#N/A,#N/A,#N/A,#N/A,#N/A,molecules2
molecules2,170213_Smp_Np_C_rerun,Trehalose,#N/A,#N/A,#N/A,#N/A,#N/A,molecules2
molecules2,170213_Smp_Np_F,Trehalose,#N/A,#N/A,#N/A,#N/A,#N/A,molecules2
molecules2,170213_Smp_Pt_C,Trehalose,#N/A,#N/A,#N/A,#N/A,#N/A,molecules2
molecules2,170213_Smp_Pt_F_rerun,Trehalose,#N/A,#N/A,#N/A,#N/A,#N/A,molecules2
molecules2,170213_Blk_MediaBlk_Pc55x,Uracil,24.72,159711088,0,4354157,-3.1,molecules2
molecules2,161107_Blk_MediaBlk_DiatomZ,Uracil,24.86,250130656,0,8276674,-5.1,molecules2
molecules2,170410_Smp_KM1513-15m_A,Uracil,#N/A,#N/A,#N/A,#N/A,#N/A,molecules2
molecules2,180702_Smp_S7E41D30_1,Uracil,3.77,5057405,0,376838,-3.1,molecules2
molecules2,170213_Smp_Pc55x_A,Uracil,24.74,140067712,58553,5057624,-3.5,molecules2
molecules2,170213_Smp_Pc55x_B,Uracil,24.36,168921504,0,4461253,-3.4,molecules2
molecules2,170213_Smp_Pc55x_C,Uracil,24.72,217823424,23068,4865559,-3.5,molecules2
molecules2,170213_Smp_Np_A_rerun,Uracil,24.52,304758848,422715,6620560,-3.4,molecules2
molecules2,170213_Smp_Np_C_rerun,Uracil,24.75,241824368,1242099,5983008,-3.4,molecules2
molecules2,170213_Smp_Np_F,Uracil,24.36,220775200,593717,4505334,-3.4,molecules2
molecules2,170213_Smp_Pt_C,Uracil,24.49,208067888,0,4571530,-3.2,molecules2
molecules2,170213_Smp_Pt_F_rerun,Uracil,24.34,453746848,1450502,6053331,-3.4,molecules2
molecules2,170213_Blk_MediaBlk_Pc55x,Uridine,6.12,43315,430154,11007,6.8,molecules2
molecules2,161107_Blk_MediaBlk_DiatomZ,Uridine,6.07,548481,883718,51579,6.1,molecules2
molecules2,170410_Smp_KM1513-15m_A,Uridine,5.98,39840880,0,1583417,-0.1,molecules2
molecules2,180702_Smp_S7E41D30_1,Uridine,5.82,18248030,0,776239,1.3,molecules2
molecules2,170213_Smp_Pc55x_A,Uridine,6.2,11981447,0,521420,1.6,molecules2
molecules2,170213_Smp_Pc55x_B,Uridine,6.15,13963288,0,651017,1.6,molecules2
molecules2,170213_Smp_Pc55x_C,Uridine,6.07,10076269,10515,415559,1.9,molecules2
molecules2,170213_Smp_Np_A_rerun,Uridine,6.09,69644240,865735,2984708,1.7,molecules2
molecules2,170213_Smp_Np_C_rerun,Uridine,6.13,54945928,264655,2507212,1.6,molecules2
molecules2,170213_Smp_Np_F,Uridine,6.14,150450800,1482974,6481772,1.5,molecules2
molecules2,170213_Smp_Pt_C,Uridine,6.14,14921569,0,651090,1.9,molecules2
molecules2,170213_Smp_Pt_F_rerun,Uridine,6.13,11675577,0,504664,2.2,molecules2
